"id";"name";"startAt";"endAt";"enclosureName";"enclosureAddress";"types";"priceMinTicketSubscription";"priceMaxTicket";"eventFormat";"dailyAtDays";"photoId"
"019ed40b-9c4e-7227-aadb-21dbae358b3e";"Por La Gracia";"3/22/2026 7:00:00 PM";"11/5/2026 7:00:00 PM";"Nave De Terneras";"P.º de la Chopera, 10, 28045 Madrid [40.392673492432, -3.7001593112946]";"Teatro / Teatro Musical";"0";"21";"standard";;"01a0d3cc-fefd-709d-8302-a8e2a522d993"
"019ed40b-9d6d-71b8-abf1-db35ba6e1ba3";"Tour Misterios Y Leyendas De Madrid";"8/1/2025 6:00:00 PM";"10/27/2026 6:00:00 PM";"Fuente De Orfeo";"Pl. de la Provincia, 4, 28012 Madrid [40.414890289307, -3.7062435150146]";"Visitas Guiadas / Talleres";"0";"12.5";"standard";;"019f18ef-1f32-71ad-bd9d-a89ee5b5ccbb"
"019ed40b-9da0-704a-8903-b297ea344979";"Museo Lázaro Galdiano";"5/26/2026 2:30:00 PM";"9/30/2026 2:30:00 PM";"Museo Lázaro Galdiano";"C. de Serrano, 122, 28006 Madrid [40.436920166016, -3.6857511997223]";"Parque Temático / Exposición";"0";"8";"standard";;"019ed584-c0ca-7123-a17f-835a9e51cf31"
"019ed40b-9ea6-70fd-b81d-3edf85258a7b";"Soul Castizo";"4/28/2026 7:00:00 PM";"11/23/2026 8:00:00 PM";"Sala Galileo Galilei";"Calle de Galileo, 100, 28015 Madrid [40.438808441162, -3.7096469402313]";"Música";"0";"15";"standard";;"019ed582-7111-7007-99dd-84c9149cebf3"
"019ed40b-9fc0-70d2-85b4-edf0ec99fad9";"Cinesa España";;;"Cinesa";"";"Cine";"0";"8.9";"withoutDates";"System.Object[]";"019edfeb-6b8d-72fa-a342-e7f45311c525"
"019ed40b-a07f-721c-800f-a16a9b9add34";"Monólogos Al Vermut";"12/7/2025 12:30:00 PM";"9/27/2026 11:30:00 AM";"La Parroquia Del Humor";"Cost.ª de los Desamparados, 11, 28014 Madrid [40.41219329834, -3.6963834762573]";"Monólogo";"0";"16";"standard";;"019ed671-c9e3-7264-8989-14aaca3b6b2f"
"019ed40b-a21c-7077-a846-fb41f12826cf";"La Hora Del Vermut";"3/8/2026 1:30:00 PM";"9/27/2026 11:30:00 AM";"La Otra Movida";"C. de Sánchez Barcáiztegui, 32, 28007 Madrid [40.4052734375, -3.6735036373138]";"Monólogo";"0";"16";"standard";;"019fa410-4303-72e2-81be-1d8db5418660"
"019ed40b-a907-7250-956f-023f4c7395d0";"En Toledo: Cinesur Luz Del Tajo";"4/22/2019 8:00:00 PM";"10/29/2026 5:00:00 PM";"Centro Comercial Luz Del Tajo";"Av. del Río Boladiez, s/n, 45007 Toledo [40.424457550049, -3.6990947723389]";"Cine";"0";"9";"standard";;"019ed6f3-bd25-7011-bf89-b280fd45a57b"
"019ed40b-c1d0-7367-aff3-d77240e4c3ab";"Whitney Houston Hologram Tour";"10/31/2020 6:00:00 PM";"1/10/2027 11:30:00 AM";"Gran Teatro Caixabank Príncipe Pío";"Cuesta de San Vicente, 44 Madrid [40.420413970947, -3.7190775871277]";"Música";"0";"18";"standard";;"019ed539-5c8b-72f1-bb34-5eb55bc753ac"
"019ed40b-dcd8-72ab-b743-8c9da7192923";"Jaque A Lo Imposible";"11/25/2021 7:00:00 PM";"12/17/2026 9:00:00 PM";"Sala Houdini";"C. García Luna, 13, 28002 Madrid [40.446971893311, -3.6751880645752]";"Magia";"0";"18";"standard";;"019ed658-b480-7237-b9d3-c76cdaf02484"
"019ed40b-dcde-701d-8e74-1c29f1d7c0c6";"Puro Imposible";"11/26/2021 10:00:00 PM";"12/18/2026 9:30:00 PM";"Sala Houdini";"C. García Luna, 13, 28002 Madrid [40.446971893311, -3.6751880645752]";"Magia";"0";"18";"standard";;"019ed653-c681-722b-bb05-759a5d415f94"
"019ed40b-dedc-709c-9288-b8708f96a6c7";"Piénsatelo Bien";"12/23/2021 7:00:00 PM";"10/1/2026 8:00:00 PM";"Sala Houdini";"C. García Luna, 13, 28002 Madrid [40.446971893311, -3.6751880645752]";"Magia";"0";"15";"standard";;"019ed65a-3916-7107-9f0f-614fa53068ad"
"019ed40b-e002-7275-89e6-33598f667642";"Álvaro Seko En Platea";"1/1/2022 10:00:00 PM";"9/26/2026 8:30:00 PM";"Platea Café Teatro Rivas-Vaciamadrid (Nueva dirección)";"Calle del Cincel 6, 28522 Rivas-Vaciamadrid, Madrid, España [40.349754, -3.542218]";"Monólogo";"0";"14";"standard";;"019efe4f-d283-70c3-871e-bf1d8eb300f5"
"019ed40b-e02b-7189-abfc-d7f9c4fbaca7";"Alucinante";"1/7/2022 10:00:00 PM";"9/26/2026 5:00:00 PM";"Sala Houdini";"C. García Luna, 13, 28002 Madrid [40.446971893311, -3.6751880645752]";"Magia";"0";"20";"standard";;"01a06678-6d94-716a-b69a-b662d9710847"
"019ed40b-e03a-728b-b6c1-1771ab83f5da";"Magia Para Tod@S";"1/9/2022 11:30:00 AM";"10/25/2026 11:00:00 AM";"Sala Houdini";"C. García Luna, 13, 28002 Madrid [40.446971893311, -3.6751880645752]";"Infantil / Familiar";"0";"15";"standard";;"019efe9f-e2a3-7108-be7e-51f41364b841"
"019ed40b-e23e-7161-b1db-233413caf191";"Impresionante";"1/28/2022 7:30:00 PM";"9/27/2026 4:00:00 PM";"Sala Houdini";"C. García Luna, 13, 28002 Madrid [40.446971893311, -3.6751880645752]";"Magia";"0";"25";"standard";;"01a06677-ba58-7258-b0c0-c17a3ed066f1"
"019ed40b-e3d0-71a0-beee-4e705cea69d1";"Magia, Humor Y Lo Que Surja";"2/6/2022 5:00:00 PM";"3/27/2027 10:00:00 PM";"Sala Houdini";"C. García Luna, 13, 28002 Madrid [40.446971893311, -3.6751880645752]";"Magia";"0";"25";"standard";;"01a0aa81-e158-735e-9162-9d6ab11eb068"
"019ed40b-e4d9-71d1-904f-a6c9cd65b4cf";"Nacho Punto G - Inmaduro A Los 50";"2/20/2022 5:30:00 PM";"10/29/2026 7:00:00 PM";"Platea Café Teatro Rivas-Vaciamadrid (Nueva dirección)";"Calle del Cincel 6, 28522 Rivas-Vaciamadrid, Madrid, España [40.349754, -3.542218]";"Monólogo";"0";"14";"standard";;"019ed718-8b24-727b-82a5-ef917d47cb06"
"019ed40b-ece2-703a-bb34-880e770a69a0";"Historias Desde El Magi-Allá 2.0.";"4/20/2022 7:30:00 PM";"10/21/2026 7:30:00 PM";"Sala Houdini";"C. García Luna, 13, 28002 Madrid [40.446971893311, -3.6751880645752]";"Magia";"0";"15";"standard";;"019ed65b-803d-739b-b110-e042d37c8c4e"
"019ed40b-f0fe-7130-ab05-37f054d82161";"Miguel Sincero En Platea";"5/14/2022 3:30:00 PM";"9/26/2026 7:00:00 PM";"Platea Café Teatro Rivas-Vaciamadrid (Nueva dirección)";"Calle del Cincel 6, 28522 Rivas-Vaciamadrid, Madrid, España [40.349754, -3.542218]";"Monólogo";"0";"14";"standard";;"019efe4d-01c2-7165-87f6-011fbe91bb95"
"019ed40b-f33b-7320-a7fd-fdd92d712f38";"¡Imposible! Javier Luxor";"5/21/2022 6:00:00 PM";"12/26/2026 7:00:00 PM";"Off Latina";"Calle de los Mancebos, 4, 28005 Madrid [40.412044525146, -3.711972951889]";"Magia";"0";"16";"standard";;"019eda1a-4fe9-7157-854f-d8c631373ce6"
"019ed40b-f395-71da-aacf-7f179d0307b6";"Fugaz, Por Javier Luxor";"6/12/2022 5:00:00 PM";"12/26/2026 5:00:00 PM";"Off Latina";"Calle de los Mancebos, 4, 28005 Madrid [40.412044525146, -3.711972951889]";"Magia";"0";"16";"standard";;"019eda19-0e3f-728f-b608-58986fec632b"
"019ed40b-f8be-7184-af42-667183bcbd38";"Pase Canjeable Amigo Del Reina";"10/31/2022 2:00:00 PM";"11/1/2026 10:59:00 PM";"Museo Nacional Centro De Arte Reina Sofía";"Calle de Sta. Isabel, 52, 28012 Madrid [40.407913208008, -3.6945569515228]";"Parque Temático / Exposición";"0";"250";"standard";;"01a0103a-b6d3-70d1-a696-913f587d5696"
"019ed40b-fe81-729f-97e0-64f2138d674f";"¡Canta Bingo!";"5/2/2026 8:00:00 PM";"12/26/2026 9:00:00 PM";"Espacio Gran Vía";"Calle Ballesta, 7, 28004 MADRID [40.421669006348, -3.7036335468292]";"Música";"0";"15";"standard";;"019f613b-4436-71e6-b647-c96ffd6d5d49"
"019ed40b-ffc6-701e-baed-223cbb8d8922";"Taller De Clown Adultos";"10/16/2026 3:00:00 PM";"10/16/2026 3:00:00 PM";"Altos Del Pavón";"C. de Embajadores, 9, 28012 Madrid [40.410831451416, -3.7061550617218]";"Visitas Guiadas / Talleres";"0";"12";"standard";;"019f4c8e-ab5e-7153-854e-4790e3e0f802"
"019ed40c-011c-7275-a43f-d128fe13ac92";"Sweet Space Museum – Octubre";"10/1/2024 9:00:00 AM";"10/31/2026 6:30:00 PM";"Sweet Space Museum";"Serrano 61, Centro Comercial ABC SERRANO, Planta 2, 28006 Madrid [40.432292938232, -3.6880669593811]";"Parque Temático / Exposición";"0";"12.65";"standard";;"019f1333-5777-71c1-b999-a33e325778d2"
"019ed40c-013a-7273-b9e1-a8ffc6b5f3df";"¿Dónde Está Radojka?";"6/12/2026 6:30:00 PM";"10/4/2026 5:30:00 PM";"Teatros Luchana";"Calle Luchana 38, 28010 Madrid [40.431880950928, -3.6982574462891]";"Teatro / Teatro Musical";"0";"18";"standard";;"019ed58b-b903-7397-b18b-cc634ac42558"
"019ed40c-072f-70a8-beaf-13a3e82b8c17";"La Celestina";"1/17/2026 12:00:00 PM";"11/7/2026 12:00:00 PM";"Teatro Serrano";"C. de Serrano, 104, 28006 Madrid [40.434280395508, -3.6862285137177]";"Teatro / Teatro Musical";"0";"18";"standard";;"019ed55a-0840-737c-b9a5-821f6be38970"
"019ed40c-081c-739a-be3e-de8692ad6b1c";"Tour Fuentes Historicas De Madrid";"5/9/2026 9:00:00 AM";"10/15/2026 5:00:00 PM";"Fuente Del Ángel Caído";"Parque del Retiro, Glorieta del Ángel Caído, s/n, 28014 Madrid [40.411052703857, -3.6825368404388]";"Visitas Guiadas / Talleres";"0";"15";"standard";;"019f1db1-24e8-72fe-9eb0-36f38bbd439d"
"019ed40c-1352-71c4-ade9-d4d823adbafb";"La Rosa 14";"4/18/2026 11:00:00 AM";"10/31/2026 12:00:00 PM";"Gran Teatro Pavón";"Calle Embajadores, 9, 28012 Madrid [40, -3]";"Teatro / Teatro Musical";"0";"20";"standard";;"019ed560-0399-70b7-89f1-509ad4b462ce"
"019ed40c-14a6-705d-85fa-9f14e5f26320";"Auto-Coaching Para Conocerte";"7/27/2025 9:00:00 AM";"10/25/2026 3:30:00 PM";"Centro De Bienestar Vidaes";"Avd. Doctor Federico Rubio y Galí 6 Madrid 28039 [40.45532989502, -3.7138640880585]";"Visitas Guiadas / Talleres";"0";"20";"standard";;"01a07bac-af78-71ea-8f12-1cf06726d2a5"
"019ed40c-1970-716f-8246-8b119985e469";"Stand Up Magic - David Roy";"9/24/2025 4:00:00 PM";"9/30/2026 4:00:00 PM";"Teatro Arlequín Gran Vía";"Calle de San Bernardo, 5, 28013 Madrid [40.421310424805, -3.7084710597992]";"Magia";"0";"15";"standard";;"019f7fe9-dc78-70d2-80e6-be8668f8c259"
"019ed40c-1a50-7195-ba1e-b17ecfd6edab";"Patrañas Cervantinas";"11/9/2025 5:30:00 PM";"10/4/2026 5:30:00 PM";"Corral Comedias Almagro (Ciudad Real)";"Pl. Mayor 18, 13270 Almagro, Ciudad Real [38.888439178467, -3.7119119167328]";"Teatro / Teatro Musical";"0";"25";"standard";;"019ed40c-1a52-7337-92f0-4e0234c4a52b"
"019ed40c-1bc7-72c5-8480-0da8710186e1";"Ni Aunque La Muerte Nos Separe";"5/9/2026 4:00:00 PM";"12/26/2026 6:00:00 PM";"Espacio Gran Vía";"Calle Ballesta, 7, 28004 MADRID [40.421669006348, -3.7036335468292]";"Teatro / Teatro Musical";"0";"15";"standard";;"019ffad4-026f-7308-900d-b1011c51adc8"
"019ed40c-1ead-71ab-8504-16679d8da335";"Yo Solita - Dianela Padrón";"6/7/2025 5:30:00 PM";"9/28/2026 5:30:00 PM";"La Parroquia Del Humor";"Cost.ª de los Desamparados, 11, 28014 Madrid [40.41219329834, -3.6963834762573]";"Monólogo";"0";"16";"standard";;"019ed9e2-401c-73ce-8f25-a48f272db18c"
"019ed40c-2026-7372-9e2b-de09122c5dd6";"La Vida Me Importa Un Huevo, En La Otra Movida";"10/10/2025 7:00:00 PM";"9/27/2026 11:30:00 AM";"La Otra Movida";"C. de Sánchez Barcáiztegui, 32, 28007 Madrid [40.4052734375, -3.6735036373138]";"Monólogo";"0";"16";"standard";;"019f1834-97b6-70cb-8a94-97f8d0f250aa"
"019ed40c-28a8-702a-ac13-b4bed0da56a9";"Yo Solita - Dianela Padrón";"9/13/2025 4:30:00 PM";"9/26/2026 4:00:00 PM";"La Otra Movida";"C. de Sánchez Barcáiztegui, 32, 28007 Madrid [40.4052734375, -3.6735036373138]";"Monólogo";"0";"16";"standard";;"01a06671-fab3-70de-80e0-fa83eca0f93e"
"019ed40c-2b18-7063-9f99-2f82cdbb7160";"Un Argentino En Madrid";"6/19/2026 7:00:00 PM";"9/27/2026 4:00:00 PM";"Parada 42";"P.º de Sta. María de la Cabeza 42, 28045 Madrid [40.403858184814, -3.6969299316406]";"Monólogo";"0";"16";"standard";;"019ed685-1adf-7060-833d-4316f3d6df75"
"019ed40c-2e9e-7159-b662-e14d3d514377";"Noche De Coños";"6/6/2025 7:00:00 PM";"12/26/2026 9:00:00 PM";"Espacio Broadway";"C. de San Vicente Ferrer, 55, 28015 Madrid [40.426116943359, -3.7078297138214]";"Circo / Cabaret";"0";"15";"standard";;"019ed5e0-78d4-72e2-b141-35c3029f1269"
"019ed40c-2ea7-70e8-b103-dfc9c071417e";"¿ De Qué Color Es Un Beso ?";"6/21/2026 10:00:00 AM";"9/26/2026 10:00:00 AM";"Sala Galileo Galilei";"Calle de Galileo, 100, 28015 Madrid [40.438808441162, -3.7096469402313]";"Infantil / Familiar";"0";"24";"standard";;"019ed602-b5bc-7345-838e-ff6742bd556f"
"019ed40c-2f54-7226-b00c-74eb9258ab1f";"La Otra Movida Comedy";"9/11/2025 6:00:00 PM";"9/30/2026 7:30:00 PM";"La Otra Movida";"C. de Sánchez Barcáiztegui, 32, 28007 Madrid [40.4052734375, -3.6735036373138]";"Monólogo";"0";"16";"standard";;"019ed65d-e38d-717f-9ae8-46d4aacabb80"
"019ed40c-3224-7210-8eb7-888989d8a978";"Mamá Ya No Paga El Alquiler";"4/11/2026 3:00:00 PM";"9/26/2026 4:30:00 PM";"Bleco Club";"Calle del Cardenal Cisneros 30 Madrid, 28010 [40.432083129883, -3.7019848823547]";"Monólogo";"0";"16";"standard";;"019f08cd-7c41-7365-93e7-93089cee6627"
"019ed40c-38b5-72ce-a874-0bf719ece151";"Aventuras De Piratas";"1/5/2025 10:30:00 AM";"10/31/2026 3:00:00 PM";"Teatro De Las Aguas";"Calle de las Aguas 8, 28005 Madrid [40.411056518555, -3.712249994278]";"Infantil / Familiar";"0";"12";"standard";;"019ed618-0943-721b-a44d-035b03c6e4c0"
"019ed40c-395e-7054-9238-9184034257c3";"Magia Vs Ciencia";"2/1/2026 11:30:00 AM";"10/25/2026 11:30:00 AM";"Teatro Escondido Gran Vía";"C. de las Tres Cruces, 12, Centro, 28013 Madrid [40.419696807861, -3.7024371623993]";"Teatro / Teatro Musical";"0";"15";"standard";;"019ed596-671c-70c6-ad9d-f02edabe0077"
"019ed40c-3bd9-7361-b6e3-a243eeae4eba";"El Caballero Incierto";"9/12/2026 11:00:00 AM";"10/17/2026 11:00:00 AM";"Gran Teatro Pavón";"Calle Embajadores, 9, 28012 Madrid [40, -3]";"Teatro / Teatro Musical";"0";"15";"standard";;"019ed561-456d-73b7-b3d1-44b29d9da812"
"019ed40c-3d35-73a7-a0ae-5369b7b53b07";"Visita A La Ganadería La Marquesa De Las Navas";"7/5/2025 3:00:00 PM";"10/18/2026 11:00:00 AM";"Navas Del Marqués";"C. Sta. Catalina, 7, 05230 Las Navas del Marqués, Ávila [40.604560852051, -4.3006587028503]";"Visitas Guiadas / Talleres";"0";"20";"standard";;"019f1dae-c86e-72fe-a0b7-b7947c41da2a"
"019ed40c-4401-706e-be42-7f55accf58df";"A Todo Ritmo";"7/12/2025 7:00:00 PM";"12/18/2026 8:00:00 PM";"Espacio Broadway";"C. de San Vicente Ferrer, 55, 28015 Madrid [40.426116943359, -3.7078297138214]";"Música";"0";"15";"standard";;"019ed5e1-36bb-726b-8c20-2bae4f9627e6"
"019ed40c-45f9-7362-868d-9b7a20661c59";"Terapia Casi Gratis";"3/20/2026 8:00:00 PM";"9/25/2026 8:30:00 PM";"Teatro De Las Aguas";"Calle de las Aguas 8, 28005 Madrid [40.411056518555, -3.712249994278]";"Monólogo";"0";"12";"standard";;"019ed9cf-2cb2-70e5-9c32-2e843f4de96b"
"019ed40c-47cd-72d5-922c-dcf5551ad356";"Palabreria";"5/7/2026 7:30:00 PM";"11/20/2026 8:30:00 PM";"Teatro Escondido Gran Vía";"C. de las Tres Cruces, 12, Centro, 28013 Madrid [40.419696807861, -3.7024371623993]";"Monólogo";"0";"18";"standard";;"019ed699-493e-7397-b0c9-52db5da6223a"
"019ed40c-4864-7215-9aef-6f3a17e013ce";"Comedia En Madriz";"5/23/2026 4:00:00 PM";"9/30/2026 6:00:00 PM";"La Terraza De Madriz";"Cost.ª de los Ángeles, 15, 28013 Madrid [40.419647216797, -3.7081105709076]";"Monólogo";"0";"16";"standard";;"019f08cc-a1ef-711e-8645-509d4682fa89"
"019ed40c-491b-72cc-8a96-fb8f0e66d2e3";"Taller Risoterapia Familias";"9/27/2025 9:00:00 AM";"10/10/2026 3:00:00 PM";"Altos Del Pavón";"C. de Embajadores, 9, 28012 Madrid [40.410831451416, -3.7061550617218]";"Visitas Guiadas / Talleres";"0";"12";"standard";;"019f4c81-0dba-7398-bbd2-9c82916e72a7"
"019ed40c-4bb8-7229-93f6-6c2723c15b0f";"La Ardilla Lula Y El Tesoro Del Bosque";"10/5/2025 10:30:00 AM";"10/31/2026 11:30:00 AM";"Sala De Teatro Bululú2120";"C. de Canarias, 16, 28045 Madrid [40.40266418457, -3.6965370178223]";"Infantil / Familiar";"0";"12";"standard";;"019fb448-4acd-703e-b35f-306fea912f79"
"019ed40c-4c59-705c-bec2-30e8849725d3";"Bingo! La Noche De Nicole";"10/16/2025 6:30:00 PM";"12/25/2026 11:00:00 PM";"Axel Hotel Madrid";"C. de Atocha, 49, 28012 Madrid [40.41316986084, -3.7005779743195]";"Circo / Cabaret";"0";"15";"standard";;"019ed5f8-42ba-732d-9293-f6553c2cdabe"
"019ed40c-4d35-71df-99b5-2930757255fc";"Perdón Por Existir";"6/5/2026 5:00:00 PM";"10/30/2026 6:45:00 PM";"Teatro De Las Aguas";"Calle de las Aguas 8, 28005 Madrid [40.411056518555, -3.712249994278]";"Teatro / Teatro Musical";"0";"12";"standard";;"019ed4eb-017f-701c-a02e-c5ced42feaf3"
"019ed40c-4f0c-7244-9df6-4fd19e6609c2";"Mi Vida A La Carta Rachel Arieff";"5/14/2026 5:30:00 PM";"12/11/2026 7:30:00 PM";"Off Latina";"Calle de los Mancebos, 4, 28005 Madrid [40.412044525146, -3.711972951889]";"Monólogo";"0";"12";"standard";;"01a0102d-7498-72b7-9584-8ca0f2acec77"
"019ed40c-4fc8-7103-89f3-aaf405f3a0d9";"Super Duper";"1/30/2026 6:00:00 PM";"9/25/2026 8:30:00 PM";"La Otra Movida";"C. de Sánchez Barcáiztegui, 32, 28007 Madrid [40.4052734375, -3.6735036373138]";"Monólogo";"0";"16";"standard";;"019ed66c-10d6-71e7-9d56-54de9fd27086"
"019ed40c-4fd4-7266-9b89-992c018284f2";"¡Esto Es Un Monólogo! De Cristina Gómez";"11/1/2025 8:00:00 PM";"9/25/2026 5:00:00 PM";"La Otra Movida";"C. de Sánchez Barcáiztegui, 32, 28007 Madrid [40.4052734375, -3.6735036373138]";"Monólogo";"0";"16";"standard";;"019ed9d1-654d-718d-8258-45c8d60ab102"
"019ed40c-556c-7353-9581-ebedc834b2ee";"El Pozo Seco";"10/10/2026 4:00:00 PM";"12/13/2026 5:00:00 PM";"Off Latina";"Calle de los Mancebos, 4, 28005 Madrid [40.412044525146, -3.711972951889]";"Teatro / Teatro Musical";"0";"12";"standard";;"019ff581-3217-70b1-b7cd-8cc30b6b81c9"
"019ed40c-5774-73a7-8194-839c8f04ff7d";"Chiringuito De Risas";"6/13/2026 4:00:00 PM";"9/27/2026 6:00:00 PM";"La Terraza De Madriz";"Cost.ª de los Ángeles, 15, 28013 Madrid [40.419647216797, -3.7081105709076]";"Monólogo";"0";"16";"standard";;"019ed6ee-d445-7003-9f4b-bc107ba5a14e"
"019ed40c-5ab1-7269-bd35-5302b23a4a21";"High School Musical, El Tributo";"11/5/2023 7:00:00 PM";"12/19/2026 5:00:00 PM";"Axel Hotel Madrid";"C. de Atocha, 49, 28012 Madrid [40.41316986084, -3.7005779743195]";"Música";"0";"15";"standard";;"01a01e84-0f45-7221-87ec-d04457b30f6b"
"019ed40c-5b2e-71ad-83da-9c715b6a28c8";"Chas!";"7/2/2023 4:00:00 PM";"10/31/2026 5:15:00 PM";"Teatro De Las Aguas";"Calle de las Aguas 8, 28005 Madrid [40.411056518555, -3.712249994278]";"Teatro / Teatro Musical";"0";"12";"standard";;"01a01e81-d1cd-70f2-b783-c168a99e55b5"
"019ed40c-5cb0-7262-8774-05cbbfdf9c85";"La Pepa Está Que Se Sale";"1/10/2025 9:30:00 PM";"10/31/2026 6:30:00 PM";"Teatro De Las Aguas";"Calle de las Aguas 8, 28005 Madrid [40.411056518555, -3.712249994278]";"Teatro / Teatro Musical";"0";"12";"standard";;"01a01e8a-ac8f-70e6-ad9b-0171563a561e"
"019ed40c-5cd6-7016-a830-cf0ebc14fe17";"Protocolo";"3/7/2025 6:30:00 PM";"10/24/2026 4:15:00 PM";"Teatro De Las Aguas";"Calle de las Aguas 8, 28005 Madrid [40.411056518555, -3.712249994278]";"Teatro / Teatro Musical";"0";"12";"standard";;"01a01e82-42b3-734b-8b4c-b30ac2a4017c"
"019ed40c-5ce5-70c1-b7bf-f66f816c6dbb";"Jlobo - La Comedia Que Siempre Llega";"10/2/2026 5:00:00 PM";"10/2/2026 5:00:00 PM";"La Butaca Amarilla";"C. de Ercilla, 15, 28005 Madrid [40.402935028076, -3.7027797698975]";"Monólogo";"0";"14";"standard";;"01a04331-090e-7252-bd15-8e227f25fbe0"
"019ed40c-630d-734a-9a43-de5bbf6104ef";"Servicio De Habitaciones";"6/6/2023 6:00:00 PM";"12/27/2026 5:00:00 PM";"Axel Hotel Madrid";"C. de Atocha, 49, 28012 Madrid [40.41316986084, -3.7005779743195]";"Teatro / Teatro Musical";"0";"15";"standard";;"019ed5a6-7ed3-733d-8e89-7e0def0b13b7"
"019ed40c-63fd-70ee-9160-d546fa881ec3";"MAMMA MIA: Tributo a ABBA";"9/13/2024 7:00:00 PM";"10/23/2026 7:00:00 PM";"Yasta Club";"Calle de Valverde, 10, 28004 Madrid [40.421119689941, -3.7019925117493]";"Música";"0";"15";"standard";;"019f9453-5177-7200-a0d2-1c0050f85ac6"
"019ed40c-6638-70e2-af7f-ae0b9a7c0b08";"A Contracorriente - Tributo Pereza Y Leiva";"4/13/2026 7:00:00 PM";"10/19/2026 7:00:00 PM";"Sala Galileo Galilei";"Calle de Galileo, 100, 28015 Madrid [40.438808441162, -3.7096469402313]";"Música";"0";"15";"standard";;"019ed5ee-4f0d-72ca-b8c7-d305e4effde7"
"019ed40c-6cb2-70ac-9858-db8261a7eb66";"Un  Show De Película";"9/22/2024 6:00:00 PM";"9/26/2026 7:00:00 PM";"Sala Houdini";"C. García Luna, 13, 28002 Madrid [40.446971893311, -3.6751880645752]";"Monólogo";"0";"18";"standard";;"019f17bf-957f-709a-9b9d-d8e4d7f4fd66"
"019ed40c-6e1d-73d7-9278-97b7196a3200";"Tampoco Es Para Tanto, En Huertas";"6/14/2025 5:30:00 PM";"9/30/2026 4:00:00 PM";"La Parroquia Del Humor";"Cost.ª de los Desamparados, 11, 28014 Madrid [40.41219329834, -3.6963834762573]";"Monólogo";"0";"16";"standard";;"019eda01-f3e1-7260-8896-e570fcce1165"
"019ed40c-7141-723f-9680-dc46014f0203";"Anormala";"10/18/2025 6:30:00 PM";"12/18/2026 7:30:00 PM";"Off Latina";"Calle de los Mancebos, 4, 28005 Madrid [40.412044525146, -3.711972951889]";"Teatro / Teatro Musical";"0";"14";"standard";;"019efe42-cf9c-717a-9b08-4147c8f4344f"
"019ed40c-7365-710c-8851-cc009e3777ee";"El Elefante";"11/6/2025 7:30:00 PM";"12/27/2026 7:00:00 PM";"Off Latina";"Calle de los Mancebos, 4, 28005 Madrid [40.412044525146, -3.711972951889]";"Teatro / Teatro Musical";"0";"14";"standard";;"01a01022-bd43-730d-994a-cf7d8d81fcb1"
"019ed40c-7974-73c1-a9e1-0be3d81c81f5";"Taller Risoterapia Adultos";"9/26/2025 3:00:00 PM";"10/23/2026 3:00:00 PM";"Altos Del Pavón";"C. de Embajadores, 9, 28012 Madrid [40.410831451416, -3.7061550617218]";"Visitas Guiadas / Talleres";"0";"12";"standard";;"01a07bad-a7d4-72f3-8ff3-0f028428bc17"
"019ed40c-7d46-7004-8008-c7d3600528a5";"La Vida Me Importa Un Huevo, En Atocha";"8/2/2025 4:00:00 PM";"9/24/2026 6:00:00 PM";"Parada 42";"P.º de Sta. María de la Cabeza 42, 28045 Madrid [40.403858184814, -3.6969299316406]";"Monólogo";"0";"16";"standard";;"019f1dda-9c50-7282-aa78-b0a4f00115bb"
"019ed40c-7f53-72c0-b4dd-6be1ad97ca7a";"Tour Por Las Esculturas De Mariano Benlliure";"3/18/2026 4:00:00 PM";"10/21/2026 3:00:00 PM";"Monumento A Goya";"C. de Felipe IV, s/n, 28014 Madrid [40.414989471436, -3.692526102066]";"Visitas Guiadas / Talleres";"0";"12";"standard";;"019ee43d-d98f-7255-8c20-4394d626ecea"
"019ed40c-8004-70a3-90ad-98d27f25dda6";"Con Monty Y A Lo Loco";"1/19/2024 8:30:00 PM";"12/26/2026 3:30:00 PM";"Sala Houdini";"C. García Luna, 13, 28002 Madrid [40.446971893311, -3.6751880645752]";"Magia";"0";"16";"standard";;"019ed66a-3025-733b-ab88-7e0de174b75f"
"019ed40c-8295-719d-8d58-806974a4ca54";"En Vélez-Málaga: Mk2 Cinesur El Ingenio";"12/9/2025 3:00:00 PM";"10/29/2026 3:00:00 PM";"Mk2 Cinesur El Ingenio";"Av. Rey Juan Carlos I 18, 29740 Vélez-Málaga [36.753467559814, -4.0990986824036]";"Cine";"0";"9";"standard";;"019ed79a-5d5d-7122-a123-4ee258a234dc"
"019ed40c-8a4f-7326-b14d-429d01069d95";"Comedia A Las 6";"12/10/2025 5:00:00 PM";"9/30/2026 4:00:00 PM";"La Parroquia Del Humor";"Cost.ª de los Desamparados, 11, 28014 Madrid [40.41219329834, -3.6963834762573]";"Monólogo";"0";"16";"standard";;"019ed78c-7071-705f-9f66-c9d45815298e"
"019ed40c-8a56-711e-9874-e1a4228db596";"Tarot Comedy";"5/2/2026 6:00:00 PM";"12/26/2026 4:00:00 PM";"Espacio Gran Vía";"Calle Ballesta, 7, 28004 MADRID [40.421669006348, -3.7036335468292]";"Monólogo";"0";"15";"standard";;"019ed9e6-3bd4-7379-8f6e-3b8c067ed279"
"019ed40c-8d81-71ce-b14f-eecbd345249a";"Alex Ruiz: Mentalismo Y Misterio En La Gran Vía";"2/15/2025 4:00:00 PM";"9/26/2026 3:00:00 PM";"Teatro Escondido Gran Vía";"C. de las Tres Cruces, 12, Centro, 28013 Madrid [40.419696807861, -3.7024371623993]";"Magia";"0";"25";"standard";;"019ed668-a178-7092-80f2-cfbb499458a6"
"019ed40c-8e70-71c6-8459-17d015c8f919";"¡Esto Es Un Monólogo! En Huertas";"6/14/2025 8:30:00 PM";"9/29/2026 5:30:00 PM";"La Parroquia Del Humor";"Cost.ª de los Desamparados, 11, 28014 Madrid [40.41219329834, -3.6963834762573]";"Monólogo";"0";"16";"standard";;"019ed9d1-a8ae-706a-8f9c-b77059954f13"
"019ed40c-906b-739d-a613-a635be9ec012";"Mamás";"10/15/2025 5:30:00 PM";"12/20/2026 5:30:00 PM";"Off Latina";"Calle de los Mancebos, 4, 28005 Madrid [40.412044525146, -3.711972951889]";"Teatro / Teatro Musical";"0";"14";"standard";;"019ed587-4078-7047-9723-df01bd1c8351"
"019ed40c-9081-73b5-8399-52bfc8d3d287";"Impro Impar Show";"6/5/2025 6:00:00 PM";"12/24/2026 6:30:00 PM";"Axel Hotel Madrid";"C. de Atocha, 49, 28012 Madrid [40.41316986084, -3.7005779743195]";"Teatro / Teatro Musical";"0";"15";"standard";;"019f08c9-4c21-70e5-9c93-d82744511c72"
"019ed40c-919c-73e4-b9ce-e768624a270f";"La Mansión Encantada... De Conocerte.";"10/5/2025 10:00:00 AM";"1/24/2027 11:00:00 AM";"Cines Mk2 Palacio Hielo Eventos";"Centro Comercial Palacio de Hielo, Calle de Silvano, 77, 28043 Madrid [40.463233947754, -3.6369619369507]";"Infantil / Familiar";"0";"12";"standard";;"019ed632-2eb0-737e-8022-8437c8257c31"
"019ed40c-9a26-7192-8eee-f2a3a641ca90";"Nanando";"10/4/2025 3:30:00 PM";"10/25/2026 11:30:00 AM";"Sala De Teatro Bululú2120";"C. de Canarias, 16, 28045 Madrid [40.40266418457, -3.6965370178223]";"Infantil / Familiar";"0";"12";"standard";;"019fb448-ac98-7031-913c-d306a762e1bc"
"019ed40c-9bb3-72f5-a189-ebe83651942e";"Noche De Pitos";"9/5/2025 8:30:00 PM";"12/18/2026 9:30:00 PM";"Espacio Broadway";"C. de San Vicente Ferrer, 55, 28015 Madrid [40.426116943359, -3.7078297138214]";"Circo / Cabaret";"0";"15";"standard";;"019ed5ce-9102-712b-917d-f553a3b2f7da"
"019ed40c-9bba-703c-8afc-e41b3e84f30c";"Especial De Parejas Con El Magioso";"4/4/2026 5:30:00 PM";"10/3/2026 7:00:00 PM";"Estación Comedy";"C. del Pez, 16, 28004 Madrid [40.42359161377, -3.7050704956055]";"Magia";"0";"12";"standard";;"019ed673-936b-73a5-b64d-14eb57ffa074"
"019ed40c-a006-70c4-89f9-1f42a471d6f8";"Tour Salamanca Eterna";"4/18/2026 9:00:00 AM";"11/9/2026 10:00:00 AM";"Plaza Mayor De Salamanca";"Plaza Mayor 1 (Bajo reloj Ayuntamiento), 37002 Salamanca [40.965003967285, -5.6640639305115]";"Visitas Guiadas / Talleres";"0";"12";"standard";;"019fa428-9ff8-709d-bbd3-5ab11ae997f4"
"019ed40c-a297-7293-906b-6df6b7108097";"Los Monólogos De Huertas";"12/27/2024 6:00:00 PM";"9/30/2026 7:00:00 PM";"La Parroquia Del Humor";"Cost.ª de los Desamparados, 11, 28014 Madrid [40.41219329834, -3.6963834762573]";"Monólogo";"0";"16";"standard";;"019ed65d-8983-7020-a89c-a17759d9ed16"
"019ed40c-a590-70da-b165-0d7b0d92d440";"Magilocuras 3.0";"6/1/2024 3:00:00 PM";"10/31/2026 4:00:00 PM";"Sala Houdini";"C. García Luna, 13, 28002 Madrid [40.446971893311, -3.6751880645752]";"Magia";"0";"16";"standard";;"01a056d9-932e-7032-ab0f-b6072f1f26f4"
"019ed40c-a69d-72ac-858c-812cc389809d";"Molina Gómez En Platea";"9/7/2024 5:00:00 PM";"9/25/2026 8:30:00 PM";"Platea Café Teatro Rivas-Vaciamadrid (Nueva dirección)";"Calle del Cincel 6, 28522 Rivas-Vaciamadrid, Madrid, España [40.349754, -3.542218]";"Monólogo";"0";"14";"standard";;"019eeea5-2fd3-704e-95ff-86ed8385d8ff"
"019ed40c-aa91-7022-9ceb-fc1bebe975dc";"Coaching De Hábitos";"12/8/2025 5:00:00 PM";"10/25/2026 5:00:00 PM";"Centro De Bienestar Vidaes";"Avd. Doctor Federico Rubio y Galí 6 Madrid 28039 [40.45532989502, -3.7138640880585]";"Visitas Guiadas / Talleres";"0";"20";"standard";;"01a07bae-1075-722c-b4de-99e7d640327e"
"019ed40c-b0d0-706a-b8f7-4eeb0f600d2f";"El Rey De Trebol - Magia De Cerca";"3/22/2026 4:30:00 PM";"9/27/2026 6:30:00 PM";"Sala Houdini";"C. García Luna, 13, 28002 Madrid [40.446971893311, -3.6751880645752]";"Magia";"0";"18";"standard";;"019ed654-8436-712e-873c-b73b6769a3c5"
"019ed40c-b87a-7081-b646-b1c842360e1a";"Magicomedia";"10/7/2023 4:00:00 PM";"11/28/2026 4:30:00 PM";"Collage Burlesque";"Calle de Manuel Silvela, 6, 28010 Madrid [40.429111480713, -3.6984012126923]";"Magia";"0";"15";"standard";;"01a0c437-36b8-72da-b465-e85a7677f5aa"
"019ed40c-be38-7190-8241-5eec102c670c";"La Azotea";"10/12/2022 6:30:00 PM";"10/21/2026 6:30:00 PM";"Teatro Arlequín Gran Vía";"Calle de San Bernardo, 5, 28013 Madrid [40.421310424805, -3.7084710597992]";"Teatro / Teatro Musical";"0";"20";"standard";;"019ed53f-10b9-732d-9bb7-440c6c78fdc3"
"019ed40c-c672-7102-a23e-9ba4cb9ddeb2";"La Noche De Los Camareros, En Huertas";"7/18/2025 5:00:00 PM";"9/28/2026 4:00:00 PM";"La Parroquia Del Humor";"Cost.ª de los Desamparados, 11, 28014 Madrid [40.41219329834, -3.6963834762573]";"Monólogo";"0";"16";"standard";;"019ed5b6-da9d-7255-8ec6-e2ef96ddce0a"
"019ed40c-c7d6-71f5-9148-6bb8d84b4bb2";"Voilá";"3/6/2026 7:30:00 PM";"10/31/2026 7:30:00 PM";"Teatro Serrano";"C. de Serrano, 104, 28006 Madrid [40.434280395508, -3.6862285137177]";"Teatro / Teatro Musical";"0";"22";"standard";;"019fffe3-382e-7293-8e15-6e868dbe4a05"
"019ed40c-c9e4-72b5-99c7-5e0edab42eb7";"La Francesa Laura";"10/18/2025 6:30:00 PM";"10/31/2026 7:30:00 PM";"Corral Comedias Almagro (Ciudad Real)";"Pl. Mayor 18, 13270 Almagro, Ciudad Real [38.888439178467, -3.7119119167328]";"Teatro / Teatro Musical";"0";"27";"standard";;"019ed595-4fd6-72c9-9ecf-d4569d305674"
"019ed40c-cdb1-703b-8768-04dd29f9a2d5";"Puzzle: El Show Que Te Hará Cuestionarte La Realidad";"10/2/2024 7:00:00 PM";"12/24/2026 8:00:00 PM";"Axel Hotel Madrid";"C. de Atocha, 49, 28012 Madrid [40.41316986084, -3.7005779743195]";"Circo / Cabaret";"0";"15";"standard";;"019f1825-3fde-71d3-8df2-3d1e3b881241"
"019ed40c-cde2-7297-8dcd-b93bab1a9284";"We Will Rock You, El Musical";"10/11/2025 3:00:00 PM";"12/13/2026 4:00:00 PM";"Gran Teatro Caixabank Príncipe Pío";"Cuesta de San Vicente, 44 Madrid [40.420413970947, -3.7190775871277]";"Teatro / Teatro Musical";"0";"44.9";"standard";;"019ed510-c3c1-7050-b4df-bb7596adf08c"
"019ed40c-cdea-723b-b01e-bc3dfe636069";"Taller Cómo Manejar La Ansiedad";"12/20/2025 10:30:00 AM";"10/18/2026 4:00:00 PM";"Centro De Bienestar Vidaes";"Avd. Doctor Federico Rubio y Galí 6 Madrid 28039 [40.45532989502, -3.7138640880585]";"Visitas Guiadas / Talleres";"0";"20";"standard";;"01a07be7-9b8f-72f8-8f43-d2a7e71303de"
"019ed40c-cdf6-71c9-b553-526e1f6ff8cc";"Adulto En Prácticas ( Abuelo En Serio)";"11/13/2025 6:30:00 PM";"9/29/2026 4:00:00 PM";"La Parroquia Del Humor";"Cost.ª de los Desamparados, 11, 28014 Madrid [40.41219329834, -3.6963834762573]";"Monólogo";"0";"16";"standard";;"019ed6a6-9ddc-71c5-bd02-8ee234984768"
"019ed40c-dd89-72a4-a10b-a03465cc1f7b";"Las Cosillas Del Querer";"3/1/2026 4:00:00 PM";"10/31/2026 4:00:00 PM";"La Butaca Amarilla";"C. de Ercilla, 15, 28005 Madrid [40.402935028076, -3.7027797698975]";"Teatro / Teatro Musical";"0";"14";"standard";;"019ed9fc-7f3d-701b-8fcd-4a4ce1bdbf8f"
"019ed40c-ea13-71fa-b15d-39e7b1bc64f0";"Quijote Kids";"6/14/2026 2:30:00 PM";"12/20/2026 3:30:00 PM";"Off Latina";"Calle de los Mancebos, 4, 28005 Madrid [40.412044525146, -3.711972951889]";"Infantil / Familiar";"0";"9.5";"standard";;"019ed630-69e7-7010-bd49-fb063c83af24"
"019ed40c-eccb-7237-ba87-78afe535d7f9";"Mari¿Qué?";"2/11/2026 7:00:00 PM";"9/30/2026 6:00:00 PM";"Parada 42";"P.º de Sta. María de la Cabeza 42, 28045 Madrid [40.403858184814, -3.6969299316406]";"Monólogo";"0";"16";"standard";;"019f603a-7c71-71ce-aa99-95eed65858b5"
"019ed40c-f1c5-734f-b0a0-cc44f81865a5";"Lo De Los Monólogos";"11/2/2024 8:30:00 PM";"10/10/2026 6:00:00 PM";"Teatro Escondido Gran Vía";"C. de las Tres Cruces, 12, Centro, 28013 Madrid [40.419696807861, -3.7024371623993]";"Monólogo";"0";"18";"standard";;"019ed9ca-8e39-736a-a810-796f34575ed7"
"019ed40c-f269-7197-bba2-18218c11b5ca";"Hotel Deseo";"5/9/2026 6:00:00 PM";"12/26/2026 8:00:00 PM";"Espacio Gran Vía";"Calle Ballesta, 7, 28004 MADRID [40.421669006348, -3.7036335468292]";"Circo / Cabaret";"0";"15";"standard";;"019ed5f6-1ba5-713a-af62-98280e6f80ba"
"019ed40c-f7c6-7019-b615-d9efc7a006db";"El Último Verso";"10/2/2026 6:30:00 PM";"12/18/2026 7:30:00 PM";"Teatro Serrano";"C. de Serrano, 104, 28006 Madrid [40.434280395508, -3.6862285137177]";"Teatro / Teatro Musical";"0";"18";"standard";;"019ed52d-d529-7094-89fb-d8d44079aa97"
"019ed40c-fafc-7246-a05b-5faf7cf220a0";"Strépito";"12/20/2025 4:00:00 PM";"10/17/2026 10:00:00 AM";"La Butaca Amarilla";"C. de Ercilla, 15, 28005 Madrid [40.402935028076, -3.7027797698975]";"Infantil / Familiar";"0";"14";"standard";;"019eda2a-ab3f-7289-9d47-4494a12b0fc9"
"019ed40c-fbec-71f6-8244-3fc54cde2b40";"Cómicas Degeneradas";"6/10/2026 5:30:00 PM";"10/2/2026 5:30:00 PM";"Tropicana Beach Club Madrid";"Calle de la Lechuga, 2, 28012 Madrid [40.4143409729, -3.7065660953522]";"Monólogo";"0";"12";"standard";;"019ed709-30f1-739b-8dee-030063b1f6f3"
"019ed40c-fedf-7391-9951-e397ca16ffac";"Tour Arte Urbano Por Lavapiés";"6/5/2026 5:00:00 PM";"10/9/2026 2:00:00 PM";"Tour Arte Urbano";"C. de Miguel Servet, Nº 1, 28012 Madrid [40.405521392822, -3.7027382850647]";"Visitas Guiadas / Talleres";"0";"20";"standard";;"019fd65a-f29d-722a-9698-d35f33c11ee4"
"019ed40d-0027-71b9-a020-b9dfba40fbf0";"Hipódromo De La Zarzuela 2026";"5/5/2024 9:00:00 AM";"9/27/2026 8:30:00 AM";"Hipódromo De La Zarzuela";"Avenida Padre Huidobro s/n 28023 Madrid [40.469692230225, -3.7581670284271]";"Deporte";"0";"15";"standard";;"01a09fdb-b20b-706d-aa3e-9103378961fd"
"019ed40d-01b2-7113-a0bb-978530526e55";"Gag Movie - Yllana";"9/11/2026 4:00:00 PM";"10/23/2026 6:30:00 PM";"Teatro Serrano";"C. de Serrano, 104, 28006 Madrid [40.434280395508, -3.6862285137177]";"Teatro / Teatro Musical";"0";"18";"standard";;"01a08fa8-ad93-7200-a614-8081773d214d"
"019ed40d-03cf-71fe-b755-b996ed6735eb";"Making Comedy Show";"3/17/2026 5:00:00 PM";"10/20/2026 6:30:00 PM";"Teatro Arlequín Gran Vía";"Calle de San Bernardo, 5, 28013 Madrid [40.421310424805, -3.7084710597992]";"Teatro / Teatro Musical";"0";"15";"standard";;"019ed54b-f6e3-7109-b207-8b8893a91820"
"019ed40d-08e5-70b0-8d09-4e9651f59c7b";"Tati La Virgen Del Karma";"1/10/2026 8:00:00 PM";"9/26/2026 5:00:00 PM";"Platea Café Teatro Rivas-Vaciamadrid (Nueva dirección)";"Calle del Cincel 6, 28522 Rivas-Vaciamadrid, Madrid, España [40.349754, -3.542218]";"Monólogo";"0";"14";"standard";;"01a0666e-ac08-73d0-a894-d249962490aa"
"019ed40d-0ec3-72a1-b23e-a31069eb5146";"Yo Viví los 80";"9/27/2024 7:00:00 PM";"12/4/2026 8:00:00 PM";"Yasta Club";"Calle de Valverde, 10, 28004 Madrid [40.421119689941, -3.7019925117493]";"Música";"0";"15";"standard";;"019f9496-34dc-7149-9330-5872293c45bb"
"019ed40d-1040-71ff-ba46-d7734c146b5a";"Bingo Risa";"2/1/2025 4:00:00 PM";"10/25/2026 4:00:00 PM";"Platea Café Teatro Rivas-Vaciamadrid (Nueva dirección)";"Calle del Cincel 6, 28522 Rivas-Vaciamadrid, Madrid, España [40.349754, -3.542218]";"Monólogo";"0";"14";"standard";;"019ed712-4eaa-720e-96b4-e55ec8c87aff"
"019ed40d-138f-7365-9b2c-38ce4436d40c";"Vespera, Cabaret Erótico";"5/15/2025 6:00:00 PM";"12/27/2026 7:30:00 PM";"Axel Hotel Madrid";"C. de Atocha, 49, 28012 Madrid [40.41316986084, -3.7005779743195]";"Circo / Cabaret";"0";"25";"standard";;"019ed5fa-b8bc-73dc-b61a-bb8331be5415"
"019ed40d-1df5-7264-8d70-8b9a7a5c2857";"Malasaña Comedy Show";"3/8/2026 3:00:00 PM";"9/30/2026 5:30:00 PM";"La Parroquia Del Humor";"Cost.ª de los Desamparados, 11, 28014 Madrid [40.41219329834, -3.6963834762573]";"Monólogo";"0";"16";"standard";;"019ef109-9e75-7202-8016-a3a762b3ed5e"
"019ed40d-1e97-7352-ab41-7c044d18c2a2";"A Nadie Se Le Dio Veneno En Risa";"4/19/2026 6:00:00 PM";"11/8/2026 7:00:00 PM";"Nave De Terneras";"P.º de la Chopera, 10, 28045 Madrid [40.392673492432, -3.7001593112946]";"Teatro / Teatro Musical";"0";"21";"standard";;"019edafd-d15f-7126-9ce4-a6654e7f3b9e"
"019ed40d-2140-70ba-a395-d8e5005261e5";"Pero Cómo Voy A Ser Racista Si Mi Gato Es Negro";"7/3/2026 5:00:00 PM";"12/17/2026 7:30:00 PM";"Espacio Gran Vía";"Calle Ballesta, 7, 28004 MADRID [40.421669006348, -3.7036335468292]";"Monólogo";"0";"15";"standard";;"019ed678-69e2-72d2-97fb-c43a7e9a01d2"
"019ed40d-229c-716f-b67d-43ca35d88377";"Tour Guiado Por Alcalá De Henares";"9/29/2024 8:30:00 AM";"10/25/2026 10:00:00 AM";"Plaza De La Puerta De Madrid";"Pl. Prta de Madrid, S/N, 28802 Alcalá de Henares, Madrid [40.480644226074, -3.3726277351379]";"Visitas Guiadas / Talleres";"0";"12.5";"standard";;"019f18ea-e919-726e-90f3-f81004c45d86"
"019ed40d-2492-738d-90d5-bb0b0c023549";"GREASE EXPERIENCE ";"12/8/2023 6:00:00 PM";"11/13/2026 8:00:00 PM";"Yasta Club";"Calle de Valverde, 10, 28004 Madrid [40.421119689941, -3.7019925117493]";"Música";"0";"15";"standard";;"019f9525-4d5a-717e-852f-0be4f7e2a935"
"019ed40d-2e1f-73e6-8dc3-153ad27694c7";"Las Encantadoras Ilusiones";"12/21/2024 6:00:00 PM";"10/31/2026 7:00:00 PM";"La Caníbal Fábrica De Cerveza";"Julián Camarillo 19, 28037 Madrid [40.435070037842, -3.6313192844391]";"Magia";"0";"14";"standard";;"01a032f1-adbe-710e-9227-8b9ab84b149d"
"019ed40d-3014-72f6-bcc4-f584785a2164";"Visita Gran Castillo De Pedraza";"11/11/2024 9:30:00 AM";"10/31/2026 9:30:00 AM";"Gran Castillo De Pedraza";"Plaza Mayor 22, 40172 Pedraza, Segovia [41.132709503174, -3.8143630027771]";"Visitas Guiadas / Talleres";"0";"6.7";"standard";;"019f1e36-9884-7362-8c68-8671594ccc56"
"019ed40d-3226-70d6-a630-80dcec782b0d";"El Juego De La Mente - Magia Mental Con Ariel Hamui";"4/1/2026 3:00:00 PM";"9/26/2026 3:00:00 PM";"Teatro Escondido Gran Vía";"C. de las Tres Cruces, 12, Centro, 28013 Madrid [40.419696807861, -3.7024371623993]";"Magia";"0";"24";"standard";;"019ed66e-ae2d-739a-b3d3-9fe5e78c3566"
"019ed40d-3452-7327-aff9-f1c3ce5efac7";"Callas En Concierto";"11/1/2025 12:00:00 PM";"10/25/2026 11:30:00 AM";"Gran Teatro Caixabank Príncipe Pío";"Cuesta de San Vicente, 44 Madrid [40.420413970947, -3.7190775871277]";"Teatro / Teatro Musical";"0";"18";"standard";;"019ed517-97c4-7132-bd27-33ee75101e2f"
"019ed40d-3791-73bc-b42f-0f3891497029";"La Pirata Lola";"9/8/2024 3:30:00 PM";"10/31/2026 4:30:00 PM";"Sala De Teatro Bululú2120";"C. de Canarias, 16, 28045 Madrid [40.40266418457, -3.6965370178223]";"Infantil / Familiar";"0";"12";"standard";;"019ed613-990a-72df-ba06-1a067f16ab34"
"019ed40d-3853-713a-ba4c-b5f7ef272d93";"Strip Poker";"4/9/2026 4:00:00 PM";"10/30/2026 5:30:00 PM";"Teatro De Las Aguas";"Calle de las Aguas 8, 28005 Madrid [40.411056518555, -3.712249994278]";"Teatro / Teatro Musical";"0";"12";"standard";;"019ed4e5-7769-7364-bdf1-fda922d09622"
"019ed40d-3a88-71b7-b261-115999767b6b";"Ya Verás";"4/19/2026 4:00:00 PM";"12/18/2026 9:00:00 PM";"Off Latina";"Calle de los Mancebos, 4, 28005 Madrid [40.412044525146, -3.711972951889]";"Teatro / Teatro Musical";"0";"16";"standard";;"01a0cb3d-4ac7-728c-a9f4-3abdfad4cc68"
"019ed40d-3bf6-709c-ab70-d33422542d87";"Taller Magia Para Adultos";"9/26/2025 3:00:00 PM";"10/25/2026 10:30:00 AM";"Ambigú Del Teatro Pavón";"C. de Embajadores, 9, 28012 Madrid [40.410831451416, -3.7061550617218]";"Visitas Guiadas / Talleres";"0";"15";"standard";;"019f64bd-e5a9-7325-a591-84ea014ea42c"
"019ed40d-3ce5-70c1-be4f-6f48508ab224";"Tour Ecos Del Toledo Desconocido";"10/4/2025 6:00:00 PM";"10/31/2026 4:00:00 PM";"Plaza De Zocodover (Toledo)";"Plaza de Zocodover, 45001 Toledo [39.859420776367, -4.021484375]";"Visitas Guiadas / Talleres";"0";"12";"standard";;"019edfd5-44d8-73d8-8724-e6d360261aea"
"019ed40d-3e9e-72b4-80cf-6c8942d4f6ad";"Yo Solo Quería Un Pancito - Tati Cirese";"11/1/2025 7:00:00 PM";"10/9/2026 6:00:00 PM";"Teatro Escondido Gran Vía";"C. de las Tres Cruces, 12, Centro, 28013 Madrid [40.419696807861, -3.7024371623993]";"Monólogo";"0";"15";"standard";;"019ed695-a51f-738a-9659-079d614d1414"
"019ed40d-42ad-703c-8371-4eabbc6573d4";"La Flor De La Habana";"2/1/2026 7:00:00 PM";"10/18/2026 7:30:00 PM";"Teatro De Las Aguas";"Calle de las Aguas 8, 28005 Madrid [40.411056518555, -3.712249994278]";"Teatro / Teatro Musical";"0";"12";"standard";;"019ed4f3-0f95-7170-80dd-41ecc95c2ed9"
"019ed40d-44d6-722e-b46f-fea7292d3c1d";"Tour De Cine Y Series";"6/1/2025 9:30:00 AM";"10/23/2026 5:00:00 PM";"Fuente De Orfeo";"Pl. de la Provincia, 4, 28012 Madrid [40.414890289307, -3.7062435150146]";"Visitas Guiadas / Talleres";"0";"12.5";"standard";;"019f1dcc-957c-71a9-9e0f-f3b3f086ce58"
"019ed40d-4500-70f6-a1e0-3206b236e26d";"El Mago De La Chistera";"2/6/2026 5:30:00 PM";"10/30/2026 5:30:00 PM";"Teatro Escondido Gran Vía";"C. de las Tres Cruces, 12, Centro, 28013 Madrid [40.419696807861, -3.7024371623993]";"Magia";"0";"15";"standard";;"01a0a5b3-fa68-727c-881f-cc2b502f73c5"
"019ed40d-4792-707a-93b2-35e94ff569dd";"Me Veo En Wallapop - Diego Arjona";"7/9/2023 6:00:00 PM";"10/25/2026 6:50:00 PM";"Sala Houdini";"C. García Luna, 13, 28002 Madrid [40.446971893311, -3.6751880645752]";"Monólogo";"0";"18";"standard";;"019ed9da-fff9-7206-8c6f-ab2279c289d0"
"019ed40d-4839-73d8-8281-6044a3ea39ad";"Tour Por El Madrid Masónico";"9/19/2025 5:30:00 PM";"10/16/2026 4:30:00 PM";"Fuente De Orfeo";"Pl. de la Provincia, 4, 28012 Madrid [40.414890289307, -3.7062435150146]";"Visitas Guiadas / Talleres";"0";"12.5";"standard";;"019f1dcc-47fd-7312-a555-70203a2e213d"
"019ed40d-4a47-71bf-ba9d-66ca19ba7dac";"Comedia Salvaje";"5/9/2026 2:30:00 PM";"9/29/2026 6:00:00 PM";"La Terraza De Madriz";"Cost.ª de los Ángeles, 15, 28013 Madrid [40.419647216797, -3.7081105709076]";"Monólogo";"0";"16";"standard";;"019ed6e4-e41b-7241-b491-c483b97ab7ac"
"019ed40d-4b7b-7079-ae49-89b227d4a52c";"El Baile";"11/14/2025 9:00:00 PM";"11/21/2026 9:00:00 PM";"Off Latina";"Calle de los Mancebos, 4, 28005 Madrid [40.412044525146, -3.711972951889]";"Teatro / Teatro Musical";"0";"14";"standard";;"019ed50d-f704-7015-94e6-6d8c90dbe073"
"019ed40d-4c47-7197-aeb2-8a436cc8d722";"La Principita";"3/15/2026 4:00:00 PM";"1/17/2027 4:00:00 PM";"Cines Mk2 Palacio Hielo Eventos";"Centro Comercial Palacio de Hielo, Calle de Silvano, 77, 28043 Madrid [40.463233947754, -3.6369619369507]";"Infantil / Familiar";"0";"10";"standard";;"019ed636-d70d-7390-938b-e967c135f315"
"019ed40d-4d80-70bb-86fe-64af8b158a17";"¡Qué Magia! Yo Y Mis Circunstancias. Teatro Encantado";"1/25/2026 11:00:00 AM";"1/31/2027 11:00:00 AM";"Cines Mk2 Palacio Hielo Eventos";"Centro Comercial Palacio de Hielo, Calle de Silvano, 77, 28043 Madrid [40.463233947754, -3.6369619369507]";"Infantil / Familiar";"0";"10";"standard";;"019ed634-3c90-719e-abf5-5473e0ec81ab"
"019ed40d-54a9-7346-9350-951d6c11f777";"El Open De La Estación";"3/15/2026 6:15:00 PM";"9/26/2026 8:30:00 PM";"Estación Comedy";"C. del Pez, 16, 28004 Madrid [40.42359161377, -3.7050704956055]";"Monólogo";"0";"10";"standard";;"019edb26-843f-73aa-b958-61308741f928"
"019ed40d-5a43-73b9-a9cd-b9a518b41348";"Rita La Mariquita";"9/7/2024 10:30:00 AM";"10/25/2026 11:30:00 AM";"Sala De Teatro Bululú2120";"C. de Canarias, 16, 28045 Madrid [40.40266418457, -3.6965370178223]";"Infantil / Familiar";"0";"12";"standard";;"019ed612-33b0-73ac-99e4-36857fe506e4"
"019ed40d-5c70-734c-a411-d3d351fe7b6a";"Trucos Y Tontadas: Magicomedia Familiar";"9/13/2025 3:30:00 PM";"11/27/2026 5:00:00 PM";"Collage Burlesque";"Calle de Manuel Silvela, 6, 28010 Madrid [40.429111480713, -3.6984012126923]";"Infantil / Familiar";"0";"14";"standard";;"019ed600-1ddf-7386-ba5f-dc8546085996"
"019ed40d-5d46-728a-9e50-4a1b3288cfc7";"Canajazz";"4/26/2026 2:00:00 PM";"10/18/2026 1:30:00 PM";"Ambigú Del Teatro Pavón";"C. de Embajadores, 9, 28012 Madrid [40.410831451416, -3.7061550617218]";"Música";"0";"12";"standard";;"019ed562-3ae7-71ac-b4be-80db2221d9b0"
"019ed40d-5ed1-730a-b921-f0cc7a29d90f";"Divas, Un Homenaje A Las Grandes Voces";"5/17/2026 3:00:00 PM";"10/27/2026 6:00:00 PM";"Espacio Gran Vía";"Calle Ballesta, 7, 28004 MADRID [40.421669006348, -3.7036335468292]";"Música";"0";"15";"standard";;"019ed610-11c3-730b-a959-843f2d990451"
"019ed40d-64a2-70af-a552-c36af7119b20";"Comedia En Chamberí";"4/11/2026 3:00:00 PM";"9/26/2026 6:00:00 PM";"Bleco Club";"Calle del Cardenal Cisneros 30 Madrid, 28010 [40.432083129883, -3.7019848823547]";"Monólogo";"0";"16";"standard";;"019ed9dc-c71e-729b-a36e-8ee782504ae6"
"019ed40d-653d-704d-91eb-3b6978528f83";"Swing Machine Orchestra";"6/9/2025 7:00:00 PM";"11/2/2026 8:00:00 PM";"Sala Galileo Galilei";"Calle de Galileo, 100, 28015 Madrid [40.438808441162, -3.7096469402313]";"Música";"0";"15";"standard";;"019f6071-d2e0-7236-80fb-009ee9b5123f"
"019ed40d-654c-721d-9a82-0e102b338d10";"En La Penumbra";"9/4/2026 5:00:00 PM";"10/30/2026 6:00:00 PM";"Sala Komodia";"Calle del Gral. Palanca, 7, 28045 Madrid [40.399658203125, -3.6989607810974]";"Teatro / Teatro Musical";"0";"14";"standard";;"019ed59a-cc7d-7074-a7d0-a55da1205597"
"019ed40d-683a-722a-b4bd-3a76f5401be2";"Iphonsi Y Sus Múltiples Aplicaciones";"2/14/2026 11:15:00 AM";"10/31/2026 11:30:00 AM";"Teatro Escondido Gran Vía";"C. de las Tres Cruces, 12, Centro, 28013 Madrid [40.419696807861, -3.7024371623993]";"Monólogo";"0";"15";"standard";;"019ed59a-f231-7260-a43c-fc5fcc26ad06"
"019ed40d-6985-7324-b2d4-b178a24bc232";"Leyendas De Rock";"7/25/2026 3:00:00 PM";"10/13/2026 5:00:00 PM";"Espacio Gran Vía";"Calle Ballesta, 7, 28004 MADRID [40.421669006348, -3.7036335468292]";"Música";"0";"15";"standard";;"019ed633-6bbd-717c-b9e1-b6ed22b37ca7"
"019ed40d-6ac4-733f-a818-2bca7e2c2d53";"La Oreja De Van Gogh: El Tributo";"12/13/2024 6:00:00 PM";"10/16/2026 7:00:00 PM";"Yasta Club";"Calle de Valverde, 10, 28004 Madrid [40.421119689941, -3.7019925117493]";"Música";"0";"15";"standard";;"01a047fa-02de-713c-acf9-5e83f1728609"
"019ed40d-6c87-73d2-846e-913a324840bb";"Super Duper: Un Monólogo De Mario Velasco";"7/11/2025 5:00:00 PM";"9/25/2026 5:00:00 PM";"La Parroquia Del Humor";"Cost.ª de los Desamparados, 11, 28014 Madrid [40.41219329834, -3.6963834762573]";"Monólogo";"0";"16";"standard";;"019ed66c-546d-7334-b590-f739f89e726b"
"019ed40d-6d2a-71a7-a141-58742dc75662";"Iphonsi Desconectado";"5/1/2026 4:30:00 PM";"10/25/2026 11:30:00 AM";"Teatro Escondido Gran Vía";"C. de las Tres Cruces, 12, Centro, 28013 Madrid [40.419696807861, -3.7024371623993]";"Magia";"0";"15";"standard";;"019ed598-c753-7078-a431-a6c7a5281b26"
"019ed40d-76c3-70ca-8f89-7306160451f5";"Tapersex";"4/11/2026 8:30:00 PM";"10/31/2026 5:00:00 PM";"Axel Hotel Madrid";"C. de Atocha, 49, 28012 Madrid [40.41316986084, -3.7005779743195]";"Circo / Cabaret";"0";"15";"standard";;"01a01e87-6dd0-7166-b2f7-18babeed6907"
"019ed40d-7770-725e-92d2-edf706cff975";"Tour Por El Pasaje De La Luz - Madrid";"9/1/2024 9:00:00 AM";"10/17/2026 9:00:00 AM";"Plaza Cibeles (Puerta Del Ayuntamiento)";"Plaza Cibeles S/N, 28014 Madrid [40.418548583984, -3.6916799545288]";"Visitas Guiadas / Talleres";"0";"12.5";"standard";;"019f1db6-77d4-72a7-b1d4-145a19758b83"
"019ed40d-7868-707b-bba0-0a728706cfd0";"Golden Crooner";"5/8/2026 6:00:00 PM";"10/12/2026 5:00:00 PM";"Espacio Gran Vía";"Calle Ballesta, 7, 28004 MADRID [40.421669006348, -3.7036335468292]";"Música";"0";"15";"standard";;"019ed5ef-5099-71fc-af2f-4ca019f8dbe1"
"019ed40d-7f86-703c-8074-ec1c823f4f8a";"Luis Álvarez - El Lugar Más Feliz Del Mundo";"4/25/2026 11:00:00 AM";"11/9/2026 7:00:00 PM";"Gran Teatro Caixabank Príncipe Pío";"Cuesta de San Vicente, 44 Madrid [40.420413970947, -3.7190775871277]";"Teatro / Teatro Musical; Conferencia";"0";"28";"standard";;"019ed53c-5e32-7314-9c9c-165efc30eb71"
"019ed40d-8340-701e-9157-add160a9df67";"La Dama Boba";"10/8/2025 6:00:00 PM";"12/8/2026 7:00:00 PM";"Nave De Terneras";"P.º de la Chopera, 10, 28045 Madrid [40.392673492432, -3.7001593112946]";"Teatro / Teatro Musical";"0";"23";"standard";;"019edb0b-2395-7359-8bb7-226c800502be"
"019ed40d-84c3-72e5-8fdb-24470a3721f4";"Yo, Ya De Chemi Moreno";"6/20/2026 7:00:00 PM";"9/26/2026 7:00:00 PM";"La Otra Movida";"C. de Sánchez Barcáiztegui, 32, 28007 Madrid [40.4052734375, -3.6735036373138]";"Monólogo";"0";"16";"standard";;"019ed70f-2730-7215-bda8-f29dc0e272c4"
"019ed40d-8c3b-73ce-a7dd-e1e182399462";"Micro Abierto Recién Horneado";"12/12/2024 6:00:00 PM";"10/25/2026 6:00:00 PM";"Platea Café Teatro Rivas-Vaciamadrid (Nueva dirección)";"Calle del Cincel 6, 28522 Rivas-Vaciamadrid, Madrid, España [40.349754, -3.542218]";"Monólogo";"0";"14";"standard";;"019ed9dd-dfd4-7307-aa06-401164fba45e"
"019ed40d-90d6-71ef-b1ee-459742f301d1";"Extasis, Erotic Gay Cabaret Show";"6/9/2023 9:00:00 PM";"12/26/2026 10:00:00 PM";"Axel Hotel Madrid";"C. de Atocha, 49, 28012 Madrid [40.41316986084, -3.7005779743195]";"Circo / Cabaret";"0";"18";"standard";;"019ed5e6-1165-72b2-bb10-a155b7d9fb42"
"019ed40d-9319-71d0-b6fb-50290d460518";"Las Gayshas";"1/17/2026 9:00:00 PM";"12/26/2026 7:30:00 PM";"Off Latina";"Calle de los Mancebos, 4, 28005 Madrid [40.412044525146, -3.711972951889]";"Teatro / Teatro Musical";"0";"21";"standard";;"019ed9fe-e033-7074-aa68-a2a653ac2a96"
"019ed40d-9753-725c-96b8-93ee4209d380";"Pueblo Fantasma: Los Misterios De La Lastra";"9/18/2026 6:00:00 PM";"10/24/2026 5:00:00 PM";"Puerta Restaurante Santa María";"C. Rey Juan Carlos I, 29, 28296 Santa María de la Alameda, Madrid [40.597190856934, -4.2593598365784]";"Visitas Guiadas / Talleres";"0";"20";"standard";;"019f1e15-acf4-71b5-8162-33fa8a048019"
"019ed40d-989d-7301-8351-bdf9221a5644";"Especialistos En San Sebastián De Los Reyes";"11/29/2024 6:00:00 PM";"9/27/2026 4:00:00 PM";"Monkey Rock";"Calle Real 71, 28703 San Sebastián de los Reyes [40.548706054688, -3.6243016719818]";"Monólogo";"0";"16";"standard";;"019ed40d-989e-7044-8adc-ad6c208ecc36"
"019ed40d-9a11-73d4-9b4a-797b3121388b";"Yo, Ya De Chemi Moreno";"6/13/2026 5:00:00 PM";"9/26/2026 5:00:00 PM";"La Parroquia Del Humor";"Cost.ª de los Desamparados, 11, 28014 Madrid [40.41219329834, -3.6963834762573]";"Monólogo";"0";"16";"standard";;"019ed70f-b92a-7049-8320-83158ebd9784"
"019ed40d-9b78-72c6-966a-9028a335e8e0";"Monólogos En San Sebastián De Los Reyes";"9/20/2025 5:00:00 PM";"9/27/2026 4:00:00 PM";"Monkey Rock";"Calle Real 71, 28703 San Sebastián de los Reyes [40.548706054688, -3.6243016719818]";"Monólogo";"0";"16";"standard";;"019ed40d-9b78-72c6-966a-9028a7706892"
"019ed40d-a269-71bb-8212-761a4063d19d";"La Dama Boba";"10/19/2025 4:30:00 PM";"10/30/2026 7:30:00 PM";"Corral Comedias Almagro (Ciudad Real)";"Pl. Mayor 18, 13270 Almagro, Ciudad Real [38.888439178467, -3.7119119167328]";"Teatro / Teatro Musical";"0";"27";"standard";;"019ed593-1d11-7312-8253-aa79a1dd5456"
"019ed40d-a414-736a-93cf-a231ada48335";"Lo De Menos Es El Nombre En La Otra Movida";"9/27/2025 4:30:00 PM";"9/27/2026 5:00:00 PM";"La Otra Movida";"C. de Sánchez Barcáiztegui, 32, 28007 Madrid [40.4052734375, -3.6735036373138]";"Monólogo";"0";"16";"standard";;"01a06670-813b-7069-a4e2-34a4a6d2e41d"
"019ed40d-a596-7202-8ac0-1d0b9c4936f7";"Yo Quería. Homenaje A Cristian Castro";"6/3/2026 8:00:00 PM";"10/19/2026 5:00:00 PM";"Espacio Gran Vía";"Calle Ballesta, 7, 28004 MADRID [40.421669006348, -3.7036335468292]";"Música";"0";"15";"standard";;"019ed5dc-cefc-73ce-be43-82abe6a06435"
"019ed40d-a704-716b-9503-4234cfcb9d55";"Esto No Es Un Cabaret";"5/1/2026 7:30:00 PM";"10/3/2026 7:00:00 PM";"La Butaca Amarilla";"C. de Ercilla, 15, 28005 Madrid [40.402935028076, -3.7027797698975]";"Circo / Cabaret";"0";"14";"standard";;"01a0a4df-8e11-7050-bc5c-b18990514de4"
"019ed40d-af5f-712c-a56e-d3c6d3ead740";"Astrología Y Los 4 Elementos";"4/18/2026 4:00:00 PM";"11/7/2026 5:00:00 PM";"Centro De Bienestar Vidaes";"Avd. Doctor Federico Rubio y Galí 6 Madrid 28039 [40.45532989502, -3.7138640880585]";"Visitas Guiadas / Talleres";"0";"20";"standard";;"019f894a-4e27-72e9-b2bb-41f6b1497203"
"019ed40d-be7c-7119-970d-bdd7abb7350d";"Jorge Bedoya - Las Manos";"11/3/2022 7:30:00 PM";"10/24/2026 11:00:00 AM";"Gran Teatro Caixabank Príncipe Pío";"Cuesta de San Vicente, 44 Madrid [40.420413970947, -3.7190775871277]";"Teatro / Teatro Musical; Música";"0";"18";"standard";;"019ed527-ab38-73dd-9e80-a4ecd6ca7ff3"
"019ed40d-c106-72af-9989-464130cea089";"Lunático";"12/1/2025 7:30:00 PM";"11/17/2026 7:30:00 PM";"Teatro Arlequín Gran Vía";"Calle de San Bernardo, 5, 28013 Madrid [40.421310424805, -3.7084710597992]";"Teatro / Teatro Musical";"0";"12";"standard";;"01a08a9b-c45a-736a-a9d1-a8e578fdc952"
"019ed40d-c1d0-71b9-b889-1489cd19d742";"Criptobro";"10/5/2025 3:30:00 PM";"9/26/2026 3:30:00 PM";"La Parroquia Del Humor";"Cost.ª de los Desamparados, 11, 28014 Madrid [40.41219329834, -3.6963834762573]";"Monólogo";"0";"16";"standard";;"01a0666f-b66b-715e-a822-f7c60c469b84"
"019ed40d-c3b2-7078-887b-f3056a6b552b";"Tour Del Coto Al Jardín: La Casa De Campo Y Jardines Del Palacio Real";"7/5/2026 8:00:00 AM";"10/25/2026 10:00:00 AM";"Puente Del Rey";"Moncloa - Aravaca, 28008 Madrid [40.418853759766, -3.7219707965851]";"Visitas Guiadas / Talleres";"0";"12.5";"standard";;"019f1e18-e8ea-72da-afb5-b5d5d20ca695"
"019ed40d-c44e-717e-96f3-3d8e3dcc475d";"Semen";"2/16/2026 5:00:00 PM";"10/26/2026 7:30:00 PM";"Teatro Arlequín Gran Vía";"Calle de San Bernardo, 5, 28013 Madrid [40.421310424805, -3.7084710597992]";"Teatro / Teatro Musical";"0";"15";"standard";;"019ed548-ce9a-73ed-93d1-c818b7c74a5b"
"019ed40d-c552-70e6-aedb-283cfb5b3fde";"Nacho.G - Inmaduro A Los 50";"8/1/2026 5:00:00 PM";"10/17/2026 8:45:00 PM";"La Butaca Amarilla";"C. de Ercilla, 15, 28005 Madrid [40.402935028076, -3.7027797698975]";"Monólogo";"0";"14";"standard";;"019ed683-d611-70d9-b68b-0d442753ad05"
"019ed40d-c6bc-739b-b1f1-98d6d6f2763d";"Tour Toletum";"3/15/2025 3:00:00 PM";"10/24/2026 2:00:00 PM";"Plaza De Zocodover (Toledo)";"Plaza de Zocodover, 45001 Toledo [39.859420776367, -4.021484375]";"Visitas Guiadas / Talleres";"0";"12";"standard";;"019f2305-c44f-732c-9ff1-d9950533e473"
"019ed40d-c83c-70a4-9b34-2c0ef3c33013";"Joe Monty. Magia Y Humor Muy De Cerca";"3/24/2023 10:00:00 PM";"12/25/2026 10:00:00 PM";"Sala Houdini";"C. García Luna, 13, 28002 Madrid [40.446971893311, -3.6751880645752]";"Magia";"0";"16";"standard";;"019ed65e-9b9f-736e-9a4b-e948b1f33404"
"019ed40d-c9a6-72b7-9f26-887f3ede385f";"Cadáver No Tan Exquisito";"12/14/2025 7:00:00 PM";"9/25/2026 7:00:00 PM";"La Butaca Amarilla";"C. de Ercilla, 15, 28005 Madrid [40.402935028076, -3.7027797698975]";"Teatro / Teatro Musical";"0";"14";"standard";;"019ed5b2-a2d7-73ce-b057-e3ff481a4dc0"
"019ed40d-cd3a-73de-a1fd-c305ab9e54f0";"Madame Blablasky";"2/14/2026 10:15:00 AM";"12/18/2026 5:30:00 PM";"Off Latina";"Calle de los Mancebos, 4, 28005 Madrid [40.412044525146, -3.711972951889]";"Magia";"0";"12";"standard";;"019eda18-18e0-72ba-bee3-5a6b841a9589"
"019ed40d-d2d0-7073-ae04-3b95278c529c";"Tour Amorios De La Realeza - Madrid";"6/7/2025 9:00:00 AM";"10/17/2026 9:00:00 AM";"Fuente De Orfeo";"Pl. de la Provincia, 4, 28012 Madrid [40.414890289307, -3.7062435150146]";"Visitas Guiadas / Talleres";"0";"12.5";"standard";;"019f1dba-ae6c-7086-bea2-7bac730a4241"
"019ed40d-d2e4-7211-8710-6496ebb8412e";"Huertas Comedy Show";"8/28/2025 5:30:00 PM";"9/30/2026 4:00:00 PM";"La Parroquia Del Humor";"Cost.ª de los Desamparados, 11, 28014 Madrid [40.41219329834, -3.6963834762573]";"Monólogo";"0";"16";"standard";;"019ed9df-8ae7-73ac-a017-b887add4132f"
"019ed40d-d9f4-7219-ba1e-dc6fc98671ac";"Taller Meditación Para El Bienestar Emocional";"10/5/2025 9:00:00 AM";"11/27/2026 7:00:00 PM";"Centro De Bienestar Vidaes";"Avd. Doctor Federico Rubio y Galí 6 Madrid 28039 [40.45532989502, -3.7138640880585]";"Visitas Guiadas / Talleres";"0";"20";"standard";;"01a07bad-1580-7066-a909-da6b5ceb8542"
"019ed40d-dbfd-7052-9565-f6251fca9193";"Amor Secreto Hasta Celos";"10/17/2025 6:30:00 PM";"9/26/2026 6:30:00 PM";"Corral Comedias Almagro (Ciudad Real)";"Pl. Mayor 18, 13270 Almagro, Ciudad Real [38.888439178467, -3.7119119167328]";"Teatro / Teatro Musical";"0";"27";"standard";;"01a0869b-dd99-7296-8e9a-ed4be43900c5"
"019ed40d-dd8c-7256-9fd4-278812e5ac4d";"Milf (Mujer, Inteligente, Libre Y Feliz)";"10/18/2024 9:00:00 PM";"10/30/2026 10:00:00 PM";"Teatro Escondido Gran Vía";"C. de las Tres Cruces, 12, Centro, 28013 Madrid [40.419696807861, -3.7024371623993]";"Monólogo";"0";"18";"standard";;"019ed6af-b4ca-700e-b725-9c5eb8688730"
"019ed40d-dfc5-71bb-9117-46fe21b8411d";"Tour Complutum Ciudad Romana";"2/15/2025 10:30:00 AM";"10/18/2026 9:00:00 AM";"Ciudad Romana De Complutum";"Cam. del Juncal, 28802 Alcalá de Henares [40.474159240723, -3.3864090442657]";"Visitas Guiadas / Talleres";"0";"10";"standard";;"019f410a-efa3-734f-8806-6019718cf40e"
"019ed40d-dff3-72b4-a2e7-5a78238e6607";"El Imitador";"9/21/2025 6:00:00 PM";"11/24/2026 6:30:00 PM";"Gran Teatro Pavón";"Calle Embajadores, 9, 28012 Madrid [40, -3]";"Teatro / Teatro Musical";"0";"20";"standard";;"019ed52f-a1f3-7354-9944-133b03dfc143"
"019ed40d-e2e6-7293-bc94-c2389c7e5fec";"A Bocajarro";"6/22/2026 4:00:00 PM";"9/27/2026 3:30:00 PM";"La Parroquia Del Humor";"Cost.ª de los Desamparados, 11, 28014 Madrid [40.41219329834, -3.6963834762573]";"Monólogo";"0";"16";"standard";;"019ed9e1-560c-7197-878c-fb734767289c"
"019ed40d-e61e-73c1-a2e5-d01977ac5672";"Adulto En Práctica, Abuelo En Serio";"1/4/2026 6:00:00 PM";"9/27/2026 3:30:00 PM";"La Otra Movida";"C. de Sánchez Barcáiztegui, 32, 28007 Madrid [40.4052734375, -3.6735036373138]";"Monólogo";"0";"16";"standard";;"019f1835-fc8c-731d-9747-deab06f19aa9"
"019ed40d-e6e5-7178-b7af-6af34654c953";"Serie Maniaks";"10/17/2025 8:00:00 PM";"12/18/2026 9:00:00 PM";"Off Latina";"Calle de los Mancebos, 4, 28005 Madrid [40.412044525146, -3.711972951889]";"Teatro / Teatro Musical";"0";"14";"standard";;"019ed4fb-3c6d-72a4-9caa-4f4b3f4cbfcf"
"019ed40d-edb1-70b5-8e92-6dbe41d15ae7";"Regreso A Los 90";"6/12/2026 5:00:00 PM";"11/22/2026 5:00:00 PM";"Gtm - Espacio La Vaguada";"Av. de Monforte de Lemos, 36, 28029 Madrid [40.478797912598, -3.711483001709]";"Teatro / Teatro Musical";"0";"30";"standard";;"019edeec-b2fc-7214-8140-d24cb1741aaf"
"019ed40d-f276-70c3-ad44-a127dc25d44d";"Taller Globoflexia Para Adultos";"11/14/2025 4:00:00 PM";"10/25/2026 9:00:00 AM";"Ambigú Del Teatro Pavón";"C. de Embajadores, 9, 28012 Madrid [40.410831451416, -3.7061550617218]";"Visitas Guiadas / Talleres";"0";"15";"standard";;"019ee439-776d-713a-9838-60b70e0434a7"
"019ed40d-f38d-7360-934e-bce1c199ca9a";"El Amor Y Mucho Match!";"1/7/2026 7:30:00 PM";"11/4/2026 5:00:00 PM";"Teatro Arlequín Gran Vía";"Calle de San Bernardo, 5, 28013 Madrid [40.421310424805, -3.7084710597992]";"Teatro / Teatro Musical";"0";"12";"standard";;"019ed547-75be-722c-b63d-aa8a2feb350c"
"019ed40d-f6f4-700b-b24a-2e8f55bde83b";"El Reencuentro";"3/2/2023 8:45:00 PM";"10/27/2026 8:00:00 PM";"Teatro De Las Aguas";"Calle de las Aguas 8, 28005 Madrid [40.411056518555, -3.712249994278]";"Teatro / Teatro Musical";"0";"12";"standard";;"019eff61-2e4a-721a-b15d-0266d9723c8a"
"019ed40d-f737-710a-82d5-077c48cf4bd9";"Me Parto La Magia";"4/5/2026 3:00:00 PM";"10/3/2026 10:00:00 AM";"La Butaca Amarilla";"C. de Ercilla, 15, 28005 Madrid [40.402935028076, -3.7027797698975]";"Magia";"0";"12";"standard";;"019f8943-0f1a-71c1-8767-d96a3d50e353"
"019ed40d-f873-70ed-8787-ee4995dae285";"Tour Por San Lorenzo Del Escorial";"11/23/2025 11:00:00 AM";"10/25/2026 10:00:00 AM";"Ayuntamiento De San Lorenzo De El Escorial";"Pl. de la Constitución 3, 28200 San Lorenzo de El Escorial, Madrid [40.59139251709, -4.1488394737244]";"Visitas Guiadas / Talleres";"0";"12.5";"standard";;"019f1e21-be5d-7139-8be6-357d7af26a71"
"019ed40d-f87a-70ff-a12a-e84d87f638de";"Mamá Ya No Paga El Alquiler";"5/23/2026 4:00:00 PM";"9/30/2026 6:00:00 PM";"La Terraza De Madriz";"Cost.ª de los Ángeles, 15, 28013 Madrid [40.419647216797, -3.7081105709076]";"Monólogo";"0";"16";"standard";;"019fb44b-5b41-7271-b664-a453f4bb55d3"
"019ed40d-fddd-700d-8371-7dea89a48dbe";"Piensa En Wilbur";"10/18/2025 3:00:00 PM";"11/7/2026 4:00:00 PM";"Teatro Serrano";"C. de Serrano, 104, 28006 Madrid [40.434280395508, -3.6862285137177]";"Teatro / Teatro Musical";"0";"12";"standard";;"019ed526-24ff-73cc-bdd1-5e823cc0b1e5"
"019ed40d-fdf7-733f-aa6b-596edf39aa68";"La Vida En Un Segundo";"9/17/2026 4:00:00 PM";"10/29/2026 5:00:00 PM";"Teatro Arlequín Gran Vía";"Calle de San Bernardo, 5, 28013 Madrid [40.421310424805, -3.7084710597992]";"Teatro / Teatro Musical";"0";"15";"standard";;"019ed549-afb8-70f0-a5ed-84af46c97565"
"019ed40e-0089-722e-a231-4384d3c14a2c";"Taller De Nutrición Antinflamatoria Para La Salud";"10/31/2026 9:00:00 AM";"10/31/2026 11:00:00 AM";"Feel Strong (Navalcarnero)";"P.º del Alparrache, 16, 28600 Navalcarnero, Madrid [40.289794921875, -4.0080170631409]";"Visitas Guiadas / Talleres";"0";"20";"standard";;"019f22c3-1364-71b2-8019-5065bf0e91a6"
"019ed40e-03f5-71e8-b3db-e0668b3ba19f";"P*Tos Lunes";"5/4/2026 7:00:00 PM";"12/28/2026 8:00:00 PM";"Espacio Gran Vía";"Calle Ballesta, 7, 28004 MADRID [40.421669006348, -3.7036335468292]";"Monólogo";"0";"13";"standard";;"019ed620-f9fd-7308-8c39-453c790feba5"
"019ed40e-05f9-7283-a2fa-2149dd96fcd1";"Reiniciando";"5/16/2023 5:15:00 PM";"10/28/2026 6:30:00 PM";"Teatro De Las Aguas";"Calle de las Aguas 8, 28005 Madrid [40.411056518555, -3.712249994278]";"Teatro / Teatro Musical";"0";"12";"standard";;"019ed4f4-8014-7053-b55b-779c00d40f19"
"019ed40e-061b-7094-a4ea-c66ec1cb2f16";"¡Que Pase El Siguiente!";"6/13/2026 7:30:00 PM";"10/31/2026 9:30:00 PM";"Sala Komodia";"Calle del Gral. Palanca, 7, 28045 Madrid [40.399658203125, -3.6989607810974]";"Teatro / Teatro Musical";"0";"12";"standard";;"019ee5ec-f0c7-703e-98b7-ca9266b64d88"
"019ed40e-06ea-716e-870b-4c78151a42d4";"50 Añeros - José Boto";"10/18/2025 6:00:00 PM";"9/26/2026 9:00:00 PM";"Teatro Escondido Gran Vía";"C. de las Tres Cruces, 12, Centro, 28013 Madrid [40.419696807861, -3.7024371623993]";"Monólogo";"0";"15";"standard";;"019f6566-6a1a-727f-90c2-d24c0262f5e6"
"019ed40e-06fd-7341-b04e-f4aeefe26e92";"Las Kellys";"9/6/2025 5:00:00 PM";"12/18/2026 7:30:00 PM";"Off Latina";"Calle de los Mancebos, 4, 28005 Madrid [40.412044525146, -3.711972951889]";"Teatro / Teatro Musical";"0";"14";"standard";;"019ed503-671b-7112-bee6-cd22a3451678"
"019ed40e-09dd-73f0-96cf-fa36ad728f33";"Tour Valladolid Del Hereje";"5/2/2026 9:00:00 AM";"10/12/2026 9:00:00 AM";"Iglesia Conventual De San Pablo";"Plaza de San Pablo, 4, 47003, Valladolid Valladolid 47003 [41.657051086426, -4.724636554718]";"Visitas Guiadas / Talleres";"0";"12";"standard";;"019fb446-17e1-70f0-826c-317009fff0ae"
"019ed40e-1012-7086-8577-56843a95de67";"Buenazo";"4/11/2026 4:30:00 PM";"9/26/2026 6:00:00 PM";"Bleco Club";"Calle del Cardenal Cisneros 30 Madrid, 28010 [40.432083129883, -3.7019848823547]";"Monólogo";"0";"16";"standard";;"019ed9c3-bd3e-70f6-9fff-1ab830e100a7"
"019ed40e-10bb-7098-bd2d-4d948758f0c1";"Palomitas Open Mic";"9/11/2025 6:00:00 PM";"9/30/2026 7:30:00 PM";"La Otra Movida";"C. de Sánchez Barcáiztegui, 32, 28007 Madrid [40.4052734375, -3.6735036373138]";"Monólogo";"0";"16";"standard";;"019ed664-8205-7372-a4b3-5947a6f4b6d9"
"019ed40e-1183-72d1-acf1-e8919fdf39bd";"La Odisea";"11/20/2026 5:00:00 PM";"12/5/2026 12:00:00 PM";"Teatro Serrano";"C. de Serrano, 104, 28006 Madrid [40.434280395508, -3.6862285137177]";"Teatro / Teatro Musical";"0";"18";"standard";;"019ed4df-41c0-72d5-bc66-ace524032941"
"019ed40e-12c4-7324-bef9-5041db15e444";"La Impro De Mi Vida, En La Otra Movida";"10/11/2025 5:00:00 PM";"9/30/2026 6:00:00 PM";"La Otra Movida";"C. de Sánchez Barcáiztegui, 32, 28007 Madrid [40.4052734375, -3.6735036373138]";"Monólogo";"0";"16";"standard";;"019ed9d8-438b-7371-a7e2-4e6320817347"
"019ed40e-1449-70a4-9e26-6aea17540be3";"Sweet Space Museum – Septiembre";"9/2/2024 9:00:00 AM";"9/28/2026 4:30:00 PM";"Sweet Space Museum";"Serrano 61, Centro Comercial ABC SERRANO, Planta 2, 28006 Madrid [40.432292938232, -3.6880669593811]";"Parque Temático / Exposición";"0";"12.65";"standard";;"019f1333-1696-71a9-9f88-277e07720d02"
"019ed40e-161b-732a-9207-3e09eb6c861e";"Tour Por El Madrid Del Siglo De Oro";"6/1/2025 9:00:00 AM";"10/1/2026 4:30:00 PM";"Fuente De Orfeo";"Pl. de la Provincia, 4, 28012 Madrid [40.414890289307, -3.7062435150146]";"Visitas Guiadas / Talleres";"0";"12.5";"standard";;"019f1db8-9d62-70e5-81f4-2db5037d9608"
"019ed40e-1776-7054-99af-dcedf5f670a2";"Visita Guiada Toledo";"9/7/2024 8:00:00 AM";"11/14/2026 5:00:00 PM";"Plaza De Zocodover (Toledo)";"Plaza de Zocodover, 45001 Toledo [39.859420776367, -4.021484375]";"Visitas Guiadas / Talleres";"0";"12";"standard";;"019f230c-724b-71cd-94d2-cf23ba9d37b5"
"019ed40e-17bb-724e-8cfb-1e9249650826";"Diabluras Por David Asecas";"9/15/2023 9:30:00 AM";"10/30/2026 7:00:00 PM";"Sala Houdini";"C. García Luna, 13, 28002 Madrid [40.446971893311, -3.6751880645752]";"Magia";"0";"25";"standard";;"019ed65c-5de2-7318-81be-b7a68bb40f5c"
"019ed40e-17c6-715f-8e0c-1a6d53988f66";"La Regenta";"1/10/2026 12:00:00 PM";"10/31/2026 12:00:00 PM";"Teatro Serrano";"C. de Serrano, 104, 28006 Madrid [40.434280395508, -3.6862285137177]";"Teatro / Teatro Musical";"0";"18";"standard";;"019ed55a-986c-7008-9651-3503909ccf30"
"019ed40e-19c0-709d-8a0f-2d6b10b8c90e";"El Perro Del Hortelano";"10/31/2025 7:30:00 PM";"9/24/2026 6:30:00 PM";"Corral Comedias Almagro (Ciudad Real)";"Pl. Mayor 18, 13270 Almagro, Ciudad Real [38.888439178467, -3.7119119167328]";"Teatro / Teatro Musical";"0";"27";"standard";;"019ed583-5aba-7088-8148-228963ec2529"
"019ed40e-19d3-72c1-b723-8db5308e005e";"Manuel Alcalde: Magia De Cerca";"7/1/2023 5:00:00 PM";"9/26/2026 5:00:00 PM";"Sala Houdini";"C. García Luna, 13, 28002 Madrid [40.446971893311, -3.6751880645752]";"Magia";"0";"18";"standard";;"019f1e10-710e-716b-a862-8ab08543f4b0"
"019ed40e-1b58-71f4-ac6b-dbb5a9155263";"Magia De Cerca…Muy De Cerca";"10/15/2023 5:00:00 PM";"6/27/2027 5:00:00 PM";"Sala Houdini";"C. García Luna, 13, 28002 Madrid [40.446971893311, -3.6751880645752]";"Magia";"0";"15";"standard";;"01a08afe-bc07-735d-ad18-d5ccb0f78a49"
"019ed40e-1d96-700d-a261-fd34b652da7d";"Violinísticas";"1/14/2025 5:00:00 PM";"11/24/2026 5:00:00 PM";"Teatro Arlequín Gran Vía";"Calle de San Bernardo, 5, 28013 Madrid [40.421310424805, -3.7084710597992]";"Música";"0";"15";"standard";;"019ed522-b101-70b0-9b5c-bc6f29452e9e"
"019ed40e-1fdb-719a-ba16-809f3f86b400";"Una Noche Con Federico";"3/5/2025 6:30:00 PM";"10/29/2026 7:15:00 PM";"Teatro De Las Aguas";"Calle de las Aguas 8, 28005 Madrid [40.411056518555, -3.712249994278]";"Teatro / Teatro Musical";"0";"14";"standard";;"019ed4f0-a6d8-71c9-904a-8e7d11e5cadd"
"019ed40e-229d-72e8-8118-552d64c206be";"Tour A Brihuega";"5/10/2025 9:00:00 AM";"9/27/2026 9:00:00 AM";"Parque De María Cristina";"C. de María Cristina, 1 Brihuega, Guadalajara [40.762275695801, -2.8694200515747]";"Visitas Guiadas / Talleres";"0";"12";"standard";;"019f1cb0-31e3-7378-9371-c02cc1a3976f"
"019ed40e-236e-7211-9890-c099a974c57c";"La Tarotista";"7/26/2025 5:00:00 PM";"12/18/2026 7:00:00 PM";"Off Latina";"Calle de los Mancebos, 4, 28005 Madrid [40.412044525146, -3.711972951889]";"Teatro / Teatro Musical";"0";"14";"standard";;"019ed501-de72-723e-a6e4-35b16276e138"
"019ed40e-238e-71c7-bb2b-d0d9c71d4136";"Mindbookness Escritura Terapéutica";"12/5/2025 6:30:00 PM";"10/25/2026 6:30:00 PM";"Centro De Bienestar Vidaes";"Avd. Doctor Federico Rubio y Galí 6 Madrid 28039 [40.45532989502, -3.7138640880585]";"Visitas Guiadas / Talleres";"0";"20";"standard";;"01a07baf-2321-72a9-9f69-c7f63e922414"
"019ed40e-24c3-7337-bf40-bcfb821b16b5";"Mecano: Tributo Un Año Más";"12/27/2024 8:00:00 PM";"12/25/2026 8:00:00 PM";"Yasta Club";"Calle de Valverde, 10, 28004 Madrid [40.421119689941, -3.7019925117493]";"Música";"0";"15";"standard";;"01a047f9-7fe7-706c-bde7-145fa7971e72"
"019ed40e-24d9-724a-b908-212bfd6fc5eb";"La Francesa Laura";"11/12/2025 7:00:00 PM";"12/13/2026 7:00:00 PM";"Nave De Terneras";"P.º de la Chopera, 10, 28045 Madrid [40.392673492432, -3.7001593112946]";"Teatro / Teatro Musical";"0";"21";"standard";;"019ed40e-24da-71f9-a62d-9d8ef6a41ed0"
"019ed40e-29dc-73f5-9e6f-390342f2352b";"¿Quién Teme Al Lobo Feroz?";"4/16/2025 3:30:00 PM";"12/19/2026 9:00:00 PM";"Off Latina";"Calle de los Mancebos, 4, 28005 Madrid [40.412044525146, -3.711972951889]";"Teatro / Teatro Musical";"0";"14";"standard";;"01a0c90c-7b8d-731c-ab87-818cb38c00f9"
"019ed40e-2a23-7326-9dea-2dc5407bcab3";"Tour Conoce Talavera";"9/13/2025 9:30:00 AM";"9/26/2026 9:30:00 AM";"Letrero Talavera De La Reina";"Ronda del Cañillo 23, 45600 Talavera de la Reina, Toledo [39.958202362061, -4.8277707099915]";"Visitas Guiadas / Talleres";"0";"12.5";"standard";;"019f1cc1-99c8-738d-bebb-de17e039da39"
"019ed40e-2faf-70e0-a483-324ed287bd99";"Un Show De Magia";"9/26/2025 6:00:00 PM";"9/27/2026 6:00:00 PM";"El Corral De Lope";"Calle de Lope de Vega, 31, 28014 Madrid [40.413753509521, -3.6965348720551]";"Magia";"0";"15";"standard";;"019eeed1-fb5a-71b9-8780-32fd05030192"
"019ed40e-2fc3-71a7-a4ec-52a970d33a44";"Ruta Teatralizada Con Isabel Clara Eugenia Por San Lorenzo De El Escorial";"6/27/2026 9:00:00 AM";"10/23/2026 4:00:00 PM";"Puerta De La Casita Del Infante Don Gabriel";"P.º Carlos III, 120, 28200 San Lorenzo de El Escorial [40.585941314697, -4.1585264205933]";"Visitas Guiadas / Talleres";"0";"20";"standard";;"019f1e26-0a41-718e-b511-1b9e7e44de04"
"019ed40e-306f-72ab-8372-a5f8652905cb";"Criptobro, En Atocha";"10/19/2025 5:30:00 PM";"9/26/2026 5:30:00 PM";"Parada 42";"P.º de Sta. María de la Cabeza 42, 28045 Madrid [40.403858184814, -3.6969299316406]";"Monólogo";"0";"16";"standard";;"01a06670-0882-716c-b8d4-25f315c4ffae"
"019ed40e-315a-73f5-9368-4fa658e662e6";"Kabraloker";"12/6/2025 6:00:00 PM";"9/25/2026 8:00:00 PM";"La Parroquia Del Humor";"Cost.ª de los Desamparados, 11, 28014 Madrid [40.41219329834, -3.6963834762573]";"Monólogo";"0";"16";"standard";;"019ee05e-2275-73f0-b52f-70ec530e4315"
"019ed40e-315f-72a8-807c-e97c1831aa1c";"Chavela, El Último Trago";"10/12/2026 7:00:00 PM";"10/12/2026 7:00:00 PM";"Sala Galileo Galilei";"Calle de Galileo, 100, 28015 Madrid [40.438808441162, -3.7096469402313]";"Música";"0";"15";"standard";;"019eee6f-a885-72d9-90b3-0a6af8f429d9"
"019ed40e-360a-713f-96d0-a1e6b78595cd";"Monólogos Poligoneros Con Vidda Priego";"2/21/2026 10:00:00 PM";"10/3/2026 9:00:00 PM";"Teatro Escondido Gran Vía";"C. de las Tres Cruces, 12, Centro, 28013 Madrid [40.419696807861, -3.7024371623993]";"Monólogo";"0";"14";"standard";;"019ed40e-360b-7060-aa22-cdf743507620"
"019ed40e-3947-701a-a0b9-b368ec3eaa1c";"La Casa De Bernarda Alba";"12/18/2026 5:00:00 PM";"12/18/2026 5:00:00 PM";"Teatro Serrano";"C. de Serrano, 104, 28006 Madrid [40.434280395508, -3.6862285137177]";"Teatro / Teatro Musical";"0";"18";"standard";;"019ed52d-4652-7358-8d5a-5be691e881c0"
"019ed40e-3a00-72db-9246-10985788d429";"Taller De Magia En Familia";"3/21/2026 10:00:00 AM";"9/27/2026 4:30:00 PM";"El Corral De Lope";"Calle de Lope de Vega, 31, 28014 Madrid [40.413753509521, -3.6965348720551]";"Visitas Guiadas / Talleres";"0";"15";"standard";;"019ed543-916f-723f-837c-8442796f2719"
"019ed40e-42f2-72fe-8f7a-e92319f8714a";"Luis Álvarez- Qué Razón Tenía Mi Padre";"2/21/2026 12:00:00 PM";"11/21/2026 12:00:00 PM";"Gran Teatro Caixabank Príncipe Pío";"Cuesta de San Vicente, 44 Madrid [40.420413970947, -3.7190775871277]";"Teatro / Teatro Musical; Conferencia";"0";"28";"standard";;"019f3c60-f247-708f-9467-066ba5b22322"
"019ed40e-4559-707e-a088-2e43879226ff";"Un Argentino En Madrid";"5/23/2026 7:00:00 PM";"9/26/2026 8:30:00 PM";"La Otra Movida";"C. de Sánchez Barcáiztegui, 32, 28007 Madrid [40.4052734375, -3.6735036373138]";"Monólogo";"0";"16";"standard";;"019ed685-600c-71e1-a6ef-02d257065279"
"019ed40e-4759-7005-9343-be298282a388";"Magia A Lo Loco";"10/18/2025 4:30:00 PM";"10/25/2026 5:30:00 PM";"Teatro Escondido Gran Vía";"C. de las Tres Cruces, 12, Centro, 28013 Madrid [40.419696807861, -3.7024371623993]";"Magia";"0";"18";"standard";;"019f038e-b9cf-715a-a099-1e7e61821325"
"019ed40e-4777-7003-bf58-ee1af91f6332";"Yo Solo Quería Un Pancito";"3/14/2026 6:30:00 PM";"9/26/2026 4:00:00 PM";"Parada 42";"P.º de Sta. María de la Cabeza 42, 28045 Madrid [40.403858184814, -3.6969299316406]";"Monólogo";"0";"16";"standard";;"019ed695-f543-7198-a2d6-c2b68c3136ea"
"019ed40e-4919-7290-9f56-1dd2f213efa3";"La Ira Del Gran Tiki";"3/10/2026 8:00:00 PM";"9/29/2026 7:00:00 PM";"La Escalera De Jacob";"C/ Lavapiés nº9 Madrid Madrid 28012 [40.412017822266, -3.7028079032898]";"Monólogo";"0";"14";"standard";;"019ed9ed-9aae-7303-b4e0-2d94cf2523af"
"019ed40e-4a9b-7112-83e7-32c3c06227b8";"Taller Magia En Familia";"9/13/2025 3:30:00 PM";"10/18/2026 8:00:00 AM";"Ambigú Del Teatro Pavón";"C. de Embajadores, 9, 28012 Madrid [40.410831451416, -3.7061550617218]";"Visitas Guiadas / Talleres";"0";"15";"standard";;"019edfde-c783-73e3-8360-7a946a149b01"
"019ed40e-4eda-70ee-8463-2b3dae736d80";"Improcafe Show";"3/19/2026 8:00:00 PM";"9/24/2026 7:15:00 PM";"La Escalera De Jacob";"C/ Lavapiés nº9 Madrid Madrid 28012 [40.412017822266, -3.7028079032898]";"Monólogo";"0";"14";"standard";;"019ed70a-bc36-728a-b7cc-06bbca1cb9eb"
"019ed40e-51bb-72d0-aae4-9faf25201d47";"Astrología Aplicada";"4/18/2026 5:30:00 PM";"11/7/2026 6:30:00 PM";"Centro De Bienestar Vidaes";"Avd. Doctor Federico Rubio y Galí 6 Madrid 28039 [40.45532989502, -3.7138640880585]";"Visitas Guiadas / Talleres";"0";"20";"standard";;"019f894c-7463-7231-8bad-919911728ed9"
"019ed40e-551d-7056-834f-f8fb6ea9ddeb";"Visto Y No Visto - Magia Con Álvaro";"5/4/2024 11:00:00 AM";"12/26/2026 5:30:00 PM";"Off Latina";"Calle de los Mancebos, 4, 28005 Madrid [40.412044525146, -3.711972951889]";"Magia";"0";"14";"standard";;"019ed671-a199-72f0-9efa-c9aaf47978a3"
"019ed40e-5600-7179-9352-a63a937abb8f";"Ruta De Los Miradores (Casa De Campo)";"6/27/2025 6:00:00 PM";"10/11/2026 7:30:00 AM";"Restaurante El Urogallo";"P.º de la Prta del Ángel, 14, Moncloa, 28011 Madrid [40.418827056885, -3.7347731590271]";"Visitas Guiadas / Talleres";"0";"15";"standard";;"01a047f8-ed94-73a4-90d6-ab560ef49df6"
"019ed40e-566a-7278-bd5a-72fc8241e820";"Chap Magic : La Magia De Got Talent";"5/1/2026 6:00:00 PM";"12/27/2026 5:30:00 PM";"Teatro Escondido Gran Vía";"C. de las Tres Cruces, 12, Centro, 28013 Madrid [40.419696807861, -3.7024371623993]";"Magia";"0";"12";"standard";;"01a08557-7728-70f5-9734-95a45b007f58"
"019ed40e-5a78-7045-8872-b8a097762586";"Luis Álvarez - Cómo Llegar Al Cielo";"9/5/2026 11:00:00 AM";"10/31/2026 12:00:00 PM";"Gran Teatro Caixabank Príncipe Pío";"Cuesta de San Vicente, 44 Madrid [40.420413970947, -3.7190775871277]";"Teatro / Teatro Musical; Conferencia";"0";"28";"standard";;"01a04769-c428-7161-90ec-44dba9ab95d9"
"019ed40e-5eb3-71f4-8d56-f2ee9ba27935";"El Sexólogo Del Humor";"6/13/2026 4:00:00 PM";"12/27/2026 8:00:00 PM";"Espacio Gran Vía";"Calle Ballesta, 7, 28004 MADRID [40.421669006348, -3.7036335468292]";"Monólogo";"0";"15";"standard";;"019ed7cb-18c4-7065-8f98-cf505d68039a"
"019ed40e-6460-7071-8024-42781b2100b4";"En Fuengirola: Mk2 Cinesur Miramar";"12/9/2025 3:00:00 PM";"10/29/2026 3:00:00 PM";"Mk2 Cinesur Miramar Fuengirola";"Av. de la Encarnación Av. de 29640 Fuengirola, Málaga [36.528251647949, -4.6328854560852]";"Cine";"0";"9";"standard";;"019ed79c-e9f0-71ca-88e2-a685e4ec4116"
"019ed40e-6c13-704a-807d-18072e380fd3";"Ilusos Magos";"2/1/2026 11:00:00 AM";"9/27/2026 10:00:00 AM";"Platea Café Teatro Rivas-Vaciamadrid (Nueva dirección)";"Calle del Cincel 6, 28522 Rivas-Vaciamadrid, Madrid, España [40.349754, -3.542218]";"Magia";"0";"14";"standard";;"019ed662-0018-70c7-83b1-9ffe3f31d929"
"019ed40e-6d80-70e2-8422-7bc969288431";"Guarnición De Mentiras";"1/3/2026 6:00:00 PM";"10/18/2026 5:00:00 PM";"La Butaca Amarilla";"C. de Ercilla, 15, 28005 Madrid [40.402935028076, -3.7027797698975]";"Monólogo";"0";"14";"standard";;"019ed9ec-e94d-7272-b83c-d6d977d4b816"
"019ed40e-6d86-7001-a03a-2591c735afcd";"Un Argentino En Madrid";"5/16/2026 5:00:00 PM";"9/26/2026 5:00:00 PM";"Monkey Rock";"Calle Real 71, 28703 San Sebastián de los Reyes [40.548706054688, -3.6243016719818]";"Monólogo";"0";"16";"standard";;"019ed40e-6d87-7154-a161-b2d7865b8a5e"
"019ed40e-7242-7223-9f8a-0a1ff3ab7ce9";"La Impro De Mi Vida, En Huertas";"8/15/2025 8:00:00 PM";"9/27/2026 5:00:00 PM";"La Parroquia Del Humor";"Cost.ª de los Desamparados, 11, 28014 Madrid [40.41219329834, -3.6963834762573]";"Monólogo";"0";"16";"standard";;"019edaf6-5cdc-7064-847c-33d98b164a13"
"019ed40e-75fd-73cc-a4ae-7479fccf3a0b";"Luis Álvarez - El Despertar";"9/7/2025 5:00:00 PM";"1/16/2027 12:00:00 PM";"Gran Teatro Caixabank Príncipe Pío";"Cuesta de San Vicente, 44 Madrid [40.420413970947, -3.7190775871277]";"Teatro / Teatro Musical; Conferencia";"0";"28";"standard";;"019f4114-1b29-7240-a57d-c505948662d3"
"019ed40e-7a0a-70de-a2e7-540f6e96468b";"Al Borde De La Quiebra";"5/3/2026 4:00:00 PM";"12/20/2026 5:00:00 PM";"Off Latina";"Calle de los Mancebos, 4, 28005 Madrid [40.412044525146, -3.711972951889]";"Teatro / Teatro Musical";"0";"16";"standard";;"019ed50a-e92b-73e9-a1ca-81ca8441d633"
"019ed40e-7c59-721b-a2ee-f11a4c9cc00f";"Si No Lo Veo, No Lo Creo";"10/1/2025 6:00:00 PM";"3/31/2027 7:30:00 PM";"Sala Houdini";"C. García Luna, 13, 28002 Madrid [40.446971893311, -3.6751880645752]";"Magia";"0";"25";"standard";;"01a0aa82-3901-707f-bc7e-72755b10760c"
"019ed40e-8b6e-7202-a947-2e12c3355a84";"Magia De Cerca Con El Mago Scott";"11/28/2025 4:00:00 PM";"10/30/2026 4:00:00 PM";"Ambigú Del Teatro Pavón";"C. de Embajadores, 9, 28012 Madrid [40.410831451416, -3.7061550617218]";"Magia";"0";"18";"standard";;"019f6a06-c700-7165-b611-73af68d60ac7"
"019ed40e-8c31-70d2-8ddd-22994e040796";"Buenazo";"5/9/2026 4:00:00 PM";"9/25/2026 7:30:00 PM";"La Terraza De Madriz";"Cost.ª de los Ángeles, 15, 28013 Madrid [40.419647216797, -3.7081105709076]";"Monólogo";"0";"16";"standard";;"019fb44c-af68-7144-92dc-7f8a84632a82"
"019ed40e-9053-701f-8f1c-92a801b9b814";"Tania Ruzs - Voces Que Transforman";"3/7/2026 9:10:00 PM";"10/31/2026 9:30:00 PM";"Off Latina";"Calle de los Mancebos, 4, 28005 Madrid [40.412044525146, -3.711972951889]";"Teatro / Teatro Musical";"0";"12";"standard";;"019ed509-0c29-724f-bf19-3055e519a643"
"019ed40e-91a5-71d3-9a6f-969639ca2df1";"Esto Es Hollywood";"5/24/2026 3:00:00 PM";"10/21/2026 5:00:00 PM";"Espacio Gran Vía";"Calle Ballesta, 7, 28004 MADRID [40.421669006348, -3.7036335468292]";"Música";"0";"15";"standard";;"019ed5e9-3c75-7376-9355-278605a57535"
"019ed40e-9697-718a-9ee0-e0a9c490ed56";"Taller Globoflexia";"9/13/2025 10:00:00 AM";"10/18/2026 9:30:00 AM";"Ambigú Del Teatro Pavón";"C. de Embajadores, 9, 28012 Madrid [40.410831451416, -3.7061550617218]";"Visitas Guiadas / Talleres";"0";"15";"standard";;"019f64c1-9f98-7132-9857-17fa362accf8"
"019ed40e-9e22-7277-8814-21b0324da480";"Spanish Horror Story";"5/2/2026 4:00:00 PM";"12/25/2026 6:00:00 PM";"Espacio Gran Vía";"Calle Ballesta, 7, 28004 MADRID [40.421669006348, -3.7036335468292]";"Teatro / Teatro Musical";"0";"15";"standard";;"019ed591-cab5-733b-83d1-647be522d3e4"
"019ed40e-a039-7102-a30b-9692ad235e07";"Tablao Flamenco - Vallekas Flamenka";"1/21/2024 6:00:00 PM";"9/30/2026 7:00:00 PM";"Taberna Flamenca El Cortijo";"C. de Josefa Díaz, 4, Puente de Vallecas, 28038 Madrid [40.394031524658, -3.6608080863953]";"Música";"0";"18";"standard";;"019ed5c0-3e61-73af-95c6-016cce0ee551"
"019ed40e-a234-73c1-a0b7-f9dd7590a026";"Tour Gincana Judería De Toledo";"5/17/2025 2:00:00 PM";"10/24/2026 4:00:00 PM";"Plaza De El Salvador";"45002 Toledo, 45002 Toledo [39.856918334961, -4.0269598960876]";"Visitas Guiadas / Talleres";"0";"12";"standard";;"019f2303-bbd0-7397-aa3b-ec6e1b0bac62"
"019ed40e-a618-71f5-86c1-6465892feade";"La Parada Comedy Club";"8/1/2024 5:30:00 PM";"9/30/2026 6:00:00 PM";"Parada 42";"P.º de Sta. María de la Cabeza 42, 28045 Madrid [40.403858184814, -3.6969299316406]";"Monólogo";"0";"16";"standard";;"019ed677-1afa-72eb-aa46-c6fc437b446b"
"019ed40e-a714-712c-8893-0feac1978e79";"Ding Dong - Dos Elfos En Navidad";"12/6/2025 4:30:00 PM";"12/27/2026 4:00:00 PM";"Arte Olimpia Embajadores";"C. de Martín de Vargas, 13, 28005 Madrid [40.403259277344, -3.7020118236542]";"Infantil / Familiar";"0";"15";"standard";;"01a0a9a7-c6a5-728b-a1e2-9a1bfd43e540"
"019ed40e-a8a7-7237-bc78-cdba613485a3";"A Night With The Beatles";"9/22/2025 7:00:00 PM";"12/14/2026 8:00:00 PM";"Sala Galileo Galilei";"Calle de Galileo, 100, 28015 Madrid [40.438808441162, -3.7096469402313]";"Música";"0";"15";"standard";;"019ed622-6358-7118-a88d-b1a4ecc9ad16"
"019ed40e-a960-71a3-82f0-be15d3fe3f7b";"Soy Un Kiwi";"3/7/2026 4:30:00 PM";"9/26/2026 8:00:00 PM";"La Parroquia Del Humor";"Cost.ª de los Desamparados, 11, 28014 Madrid [40.41219329834, -3.6963834762573]";"Monólogo";"0";"16";"standard";;"019ed70d-7b22-7191-a37c-aa62e6bb0f51"
"019ed40e-ac1f-71bb-a2db-5f6e15c2f1c6";"El Perro Del Hortelano";"9/25/2025 6:00:00 PM";"12/9/2026 7:00:00 PM";"Nave De Terneras";"P.º de la Chopera, 10, 28045 Madrid [40.392673492432, -3.7001593112946]";"Teatro / Teatro Musical";"0";"21";"standard";;"019ed40e-ac20-7142-a269-3981871065bf"
"019ed40e-acdd-7004-a2b7-a784ed8cef89";"Huertas Comedy Open Mic";"6/2/2025 7:00:00 PM";"9/30/2026 7:00:00 PM";"La Parroquia Del Humor";"Cost.ª de los Desamparados, 11, 28014 Madrid [40.41219329834, -3.6963834762573]";"Monólogo";"0";"16";"standard";;"019ed5be-6fdd-725b-916f-35a03351a482"
"019ed40e-b2d1-72cc-a817-cfb2c66b2013";"Museo De La Magia - Visita Guiada Con Magia";"4/27/2025 10:00:00 AM";"9/27/2026 11:00:00 AM";"Leyendas De La Magia (Aranjuez)";"C. de Alpajés, 21, 28300 Aranjuez, Madrid [40.22985458374, -4.0026884078979]";"Parque Temático / Exposición; Magia";"0";"15";"standard";;"019ed664-5c58-71c3-ae22-6bce4d8e57e1"
"019ed40e-b466-72ea-8279-11b63878add4";"Sufre Mamón: El Tributo A Hombres G";"11/8/2024 6:00:00 PM";"10/9/2026 7:00:00 PM";"Yasta Club";"Calle de Valverde, 10, 28004 Madrid [40.421119689941, -3.7019925117493]";"Música";"0";"15";"standard";;"019ed62f-4650-73a1-8be9-e9b9024d1a8a"
"019ed40e-b539-73a9-a716-93dce443bb87";"Sin Secuelas Aparentes";"1/16/2026 8:00:00 PM";"9/25/2026 5:30:00 PM";"Parada 42";"P.º de Sta. María de la Cabeza 42, 28045 Madrid [40.403858184814, -3.6969299316406]";"Monólogo";"0";"16";"standard";;"019f1830-3849-70ec-b931-02919aab7d34"
"019ed40e-b9b1-70c7-b445-ad94637686c9";"Sesión Exclusiva: Sesión Secreta";"6/10/2024 6:00:00 PM";"10/5/2026 6:00:00 PM";"Cines Mk2 Palacio Hielo Eventos";"Centro Comercial Palacio de Hielo, Calle de Silvano, 77, 28043 Madrid [40.463233947754, -3.6369619369507]";"Cine";"0";"10.5";"standard";;"01a0a4b8-24c1-72a7-bd03-56b83f81a210"
"019ed40e-b9f4-71a9-852b-fbc10cfef02a";"En Málaga: Tour Málaga Histórica";"1/25/2026 11:00:00 AM";"11/8/2026 11:00:00 AM";"Monumento Al Marqués De Larios (Málaga)";"Alameda Principal 3, 29001 Málaga [36.718132019043, -4.4214396476746]";"Visitas Guiadas / Talleres";"0";"18";"standard";;"01a0aa7e-c099-72a6-a820-7fc8a185b07d"
"019ed40e-bcaf-7328-8728-56874df06bd1";"Noche De Cómicas, En Atocha";"9/5/2024 7:00:00 PM";"9/27/2026 5:30:00 PM";"Parada 42";"P.º de Sta. María de la Cabeza 42, 28045 Madrid [40.403858184814, -3.6969299316406]";"Monólogo";"0";"16";"standard";;"019ed9e0-8d8c-7189-9ab6-7bd7cf80c61c"
"019ed40e-bec4-70d8-a84c-d0ead57328b4";"Feeling Good";"6/5/2026 7:30:00 PM";"12/26/2026 9:00:00 PM";"Off Latina";"Calle de los Mancebos, 4, 28005 Madrid [40.412044525146, -3.711972951889]";"Música";"0";"12";"standard";;"019ed5db-a28e-72ff-895d-d8f49feb93d7"
"019ed40e-c0a3-7353-9727-5f67359b1cd8";"Don Gil De Las Calzas Verdes";"11/2/2025 5:30:00 PM";"10/29/2026 7:30:00 PM";"Corral Comedias Almagro (Ciudad Real)";"Pl. Mayor 18, 13270 Almagro, Ciudad Real [38.888439178467, -3.7119119167328]";"Teatro / Teatro Musical";"0";"27";"standard";;"019ed5a9-0e42-705b-be1c-da3f2064e7ec"
"019ed40e-c0da-70a0-bc94-073a343f03ad";"The Jazz On Five";"6/16/2025 7:00:00 PM";"11/9/2026 8:00:00 PM";"Sala Galileo Galilei";"Calle de Galileo, 100, 28015 Madrid [40.438808441162, -3.7096469402313]";"Música";"0";"15";"standard";;"019ed604-e880-7199-904f-876f1ed6a960"
"019ed40e-c203-730c-b9f5-26c7ab32aa4c";"Mari¿Qué?";"3/15/2026 6:00:00 PM";"9/24/2026 7:30:00 PM";"La Otra Movida";"C. de Sánchez Barcáiztegui, 32, 28007 Madrid [40.4052734375, -3.6735036373138]";"Monólogo";"0";"16";"standard";;"019ed9ee-63ca-731c-9062-e821d0fe4ca0"
"019ed40e-c4b2-7124-899d-7fa50cd9f49c";"Adictos A La Comedia En San Sebastián De Los Reyes";"9/7/2024 5:00:00 PM";"9/27/2026 4:00:00 PM";"Monkey Rock";"Calle Real 71, 28703 San Sebastián de los Reyes [40.548706054688, -3.6243016719818]";"Monólogo";"0";"18";"standard";;"019ed40e-c4b2-7124-899d-7fa50fd2b4b6"
"019ed40e-c825-71cf-a4af-5835b4906d39";"Glorias Benditas";"3/1/2026 2:00:00 PM";"12/27/2026 5:30:00 PM";"Off Latina";"Calle de los Mancebos, 4, 28005 Madrid [40.412044525146, -3.711972951889]";"Música";"0";"12";"standard";;"019ed5f8-2df4-7246-b38d-30ddf360c0ff"
"019ed40e-cb02-73d3-8bd7-826b7805642a";"Mk2 Cine Paz";"10/28/2024 5:00:00 PM";"10/29/2026 5:00:00 PM";"Mk2 Cine Paz";"Calle de Fuencarral, 125, 28010 Madrid [40.431858062744, -3.7032899856567]";"Cine";"0";"10.5";"standard";;"019ed6f5-594f-716f-8266-c0b875d86322"
"019ed40e-cb07-73a0-9777-2dfc57976420";"El Tardeo De La Comedia";"1/10/2026 4:30:00 PM";"9/27/2026 3:30:00 PM";"La Otra Movida";"C. de Sánchez Barcáiztegui, 32, 28007 Madrid [40.4052734375, -3.6735036373138]";"Monólogo";"0";"16";"standard";;"01a06671-7b7f-7147-8799-ad655c16d0a0"
"019ed40e-cdfa-7040-8281-ca1a33172a0a";"Sesión Exclusiva: Sesión Secreta";"5/5/2025 6:00:00 PM";"10/5/2026 6:00:00 PM";"Centro Comercial Luz Del Tajo";"Av. del Río Boladiez, s/n, 45007 Toledo [40.424457550049, -3.6990947723389]";"Cine";"0";"10.5";"standard";;"01a0a4ba-7b33-73e3-b4d7-21602ca49dfd"
"019ed40e-cea4-71ab-8dd8-da4d392a2678";"101 Dálmatas";"12/22/2024 11:30:00 AM";"12/27/2026 3:30:00 PM";"Gran Teatro Caixabank Príncipe Pío";"Cuesta de San Vicente, 44 Madrid [40.420413970947, -3.7190775871277]";"Teatro / Teatro Musical";"0";"44.9";"standard";;"019ed516-e61d-7172-8dfa-fbb0cf51649d"
"019ed40e-d031-7111-84c6-cd6185b058d6";"Los Sueños De La Jirafa";"12/20/2025 10:00:00 AM";"10/31/2026 11:30:00 AM";"Ambigú Del Teatro Pavón";"C. de Embajadores, 9, 28012 Madrid [40.410831451416, -3.7061550617218]";"Infantil / Familiar";"0";"12";"standard";;"019ed563-b0a6-7184-9d90-0f76c1a15108"
"019ed40e-d137-7030-aece-439fe5e1bf52";"Croquetas De Cocido";"6/8/2025 5:00:00 PM";"9/27/2026 11:30:00 AM";"La Parroquia Del Humor";"Cost.ª de los Desamparados, 11, 28014 Madrid [40.41219329834, -3.6963834762573]";"Monólogo";"0";"16";"standard";;"019ed674-900a-73dc-9fdd-4998f9dd15d6"
"019ed40e-ee79-72ff-abd4-714df15e68d8";"Ponyo En El Acantilado";"8/1/2025 2:00:00 PM";"10/12/2026 10:00:00 AM";"Mk2 Palacio De Hielo";"Centro Comercial Palacio de Hielo, Calle de Silvano, 77, 28043 Madrid [40.463233947754, -3.6369619369507]";"Cine";"0";"9.9";"standard";;"019ed40e-ee79-72ff-abd4-714df5301a24"
"019edb33-a194-7235-b550-c87d215651a5";"LORCA EN LA HABANA";"7/4/2026 3:00:00 PM";"10/25/2026 5:30:00 PM";"Teatro De Las Aguas";"Calle de las Aguas 8, 28005 Madrid [40.411056518555, -3.712249994278]";"Teatro / Teatro Musical";"0";"12";"standard";;"019edb36-e12b-719b-a658-4833e0ebd1ff"
"019f0e87-f687-70fe-beb9-9cf46b21f4d6";"Entrada Exposiciones Caixaforum Madrid";"6/1/2026 12:00:00 PM";"12/31/2026 12:00:00 PM";"Caixaforum Madrid";"";"Parque Temático / Exposición";"0";"6";"onlyInfo";;"019f0e87-5264-722e-9eca-1aa5a24a8433"
"019f131e-4ec7-703b-9659-5f4573c1a045";"A RITMO DE COPLA";"7/13/2026 5:00:00 PM";"10/11/2026 3:00:00 PM";"Espacio Gran Vía";"Calle Ballesta, 7, 28004 MADRID [40.421669006348, -3.7036335468292]";"Música";"0";"15";"standard";;"01a0574a-0b23-7214-b809-bb15b8337793"
"019f18f7-6d47-70a7-a097-7b6b337d8637";"Nomina-Dos";"7/2/2026 6:30:00 PM";"9/27/2026 5:00:00 PM";"La Butaca Amarilla";"C. de Ercilla, 15, 28005 Madrid [40.402935028076, -3.7027797698975]";"Teatro / Teatro Musical";"0";"14";"standard";;"019f18f7-6626-7071-861f-0868ccef2090"
"019f18fa-e56e-70eb-a4f9-5088c8e6c63c";"OVEJAS NEGRAS";"7/3/2026 5:00:00 PM";"10/9/2026 7:00:00 PM";"La Butaca Amarilla";"C. de Ercilla, 15, 28005 Madrid [40.402935028076, -3.7027797698975]";"Teatro / Teatro Musical";"0";"14";"standard";;"019f18fa-7aca-7063-90e3-b2a593e96767"
"019f1904-d565-73a6-9b5b-dba89870442b";"UNA NOTA EN MADRID";"7/5/2026 5:30:00 PM";"12/27/2026 6:30:00 PM";"Espacio Broadway";"C. de San Vicente Ferrer, 55, 28015 Madrid [40.426116943359, -3.7078297138214]";"Música; Monólogo";"0";"12";"standard";;"019f1904-301d-7130-a901-e8c888d3ddad"
"019f190c-e620-737d-bfd7-2c2fb24ac690";"¿Y SI FUNCIONA?";"7/4/2026 6:30:00 PM";"12/26/2026 7:30:00 PM";"Espacio Broadway";"C. de San Vicente Ferrer, 55, 28015 Madrid [40.426116943359, -3.7078297138214]";"Teatro / Teatro Musical";"0";"12";"standard";;"019f190c-a07c-700f-838e-6d41cca39527"
"019f19cd-c5f6-736a-8173-53e4cf2646b8";"BINGO MUSICAL DALPAO";"7/4/2026 7:30:00 PM";"12/18/2026 10:45:00 PM";"Espacio Broadway";"C. de San Vicente Ferrer, 55, 28015 Madrid [40.426116943359, -3.7078297138214]";"Música";"0";"12";"standard";;"019f19cd-1f75-732f-98b6-3b1b4c31687f"
"019f19d7-6dd4-7015-b1d2-38889b8d1e2c";"Manual para NO rogar";"7/30/2026 6:00:00 PM";"12/17/2026 6:00:00 PM";"Espacio Broadway";"C. de San Vicente Ferrer, 55, 28015 Madrid [40.426116943359, -3.7078297138214]";"Monólogo";"0";"12";"standard";;"019f19d7-698f-710a-ba96-29d136b84f04"
"019f19e0-fc29-7346-b97c-6bf9f979d379";"EL CRIMEN DE LA OFICINA";"7/4/2026 5:00:00 PM";"12/26/2026 6:00:00 PM";"Espacio Broadway";"C. de San Vicente Ferrer, 55, 28015 Madrid [40.426116943359, -3.7078297138214]";"Teatro / Teatro Musical";"0";"12";"standard";;"019f19e0-c527-7233-8337-c67196fe6d77"
"019f19e3-11bb-7204-8040-7f098f7040ac";"NOCHE DE KARAOKE";"7/24/2026 9:45:00 PM";"12/26/2026 10:30:00 PM";"Espacio Broadway";"C. de San Vicente Ferrer, 55, 28015 Madrid [40.426116943359, -3.7078297138214]";"Música";"0";"12";"standard";;"019f19e2-cd46-709e-9048-4899eaa3d9b4"
"019f225a-d683-723c-acfd-ad81d511253d";"Museo de la Felicidad";"7/3/2026 9:30:00 AM";"11/8/2026 3:30:00 PM";"Museo de la Felicidad";"Ronda de Valencia 8, 28012 Madrid, Madrid, España [40.405696, -3.700742]";"Parque Temático / Exposición";"0";"15";"standard";;"019f225a-d21f-726f-a52c-7eecfbfc9a8e"
"019f4185-2a35-7379-90f5-632b3307ec7f";"A media luz";"7/29/2026 7:00:00 PM";"10/7/2026 7:00:00 PM";"Teatro Espacio Alma";"Calle de Alberto Aguilera 4, 28015 Madrid, Madrid, España [40.429839, -3.706585]";"Teatro / Teatro Musical";"0";"17";"standard";;"019f4185-211b-7038-9c7c-0785120ce23b"
"019f418a-1ced-73c3-84cb-c71b58bc779d";"Lady Pepa";"7/30/2026 5:00:00 PM";"10/7/2026 5:00:00 PM";"Teatro Espacio Alma";"Calle de Alberto Aguilera 4, 28015 Madrid, Madrid, España [40.429839, -3.706585]";"Teatro / Teatro Musical";"0";"17";"standard";;"019f418c-62d4-716e-ba5a-70bb56520bb1"
"019f4196-1091-7389-b3af-2593570b5d4c";"Cabaret Desmadre";"7/25/2026 9:00:00 PM";"9/26/2026 9:00:00 PM";"Teatro Espacio Alma";"Calle de Alberto Aguilera 4, 28015 Madrid, Madrid, España [40.429839, -3.706585]";"Circo / Cabaret";"0";"25";"standard";;"019f4197-e9ca-7076-993c-77c7184e9511"
"019f4223-8206-702f-9a78-52c814f49309";"Viernes";"7/24/2026 6:00:00 PM";"9/25/2026 7:30:00 PM";"Teatro Espacio Alma";"Calle de Alberto Aguilera 4, 28015 Madrid, Madrid, España [40.429839, -3.706585]";"Teatro / Teatro Musical";"0";"17";"standard";;"019f933a-0e5c-72ff-ac61-417e7e8c80a2"
"019f4228-ccb2-7121-959d-ddddb39acb55";"Los Últimos 5 años";"8/20/2026 8:00:00 PM";"9/28/2026 8:00:00 PM";"Teatro Espacio Alma";"Calle de Alberto Aguilera 4, 28015 Madrid, Madrid, España [40.429839, -3.706585]";"Teatro / Teatro Musical";"0";"22";"standard";;"019f4228-54d5-70c0-a996-a154528cf9f3"
"019f4267-8c84-72e9-8e85-25e06eeaceba";"La Habitación";"9/4/2026 6:30:00 PM";"10/31/2026 8:00:00 PM";"Sala Komodia";"Calle del Gral. Palanca, 7, 28045 Madrid [40.399658203125, -3.6989607810974]";"Teatro / Teatro Musical";"0";"14";"standard";;"019f4267-522d-7336-a3dc-414b6ef4b33c"
"019f45cc-74bd-7395-869d-41844cc44307";"Soltero y entero";"7/12/2026 3:30:00 PM";"9/25/2026 7:00:00 PM";"La Otra Movida";"C. de Sánchez Barcáiztegui, 32, 28007 Madrid [40.4052734375, -3.6735036373138]";"Monólogo";"0";"16";"standard";;"019f45cb-a7d9-72bd-b1c5-b6384774c4e1"
"019f4ab7-e1d6-7038-9d8c-d244279bb39f";"Sucio";"7/16/2026 6:00:00 PM";"9/27/2026 6:30:00 PM";"La Otra Movida";"C. de Sánchez Barcáiztegui, 32, 28007 Madrid [40.4052734375, -3.6735036373138]";"Monólogo";"0";"16";"standard";;"01a01029-1f89-702d-84dc-8598c4ed531b"
"019f5af1-65a2-72f2-8bba-10a3a4a98fdd";"El Explorador y un viaje planetario";"7/18/2026 2:00:00 PM";"12/26/2026 3:00:00 PM";"Espacio Broadway";"C. de San Vicente Ferrer, 55, 28015 Madrid [40.426116943359, -3.7078297138214]";"Infantil / Familiar";"0";"12";"standard";;"019f5af1-6258-7043-bc24-6517d78fc56f"
"019f5b44-9c07-731a-a6f1-9ccdf8f1cbd1";"AbraKidAbra ";"7/19/2026 9:00:00 AM";"9/27/2026 4:30:00 PM";"Esto Es Magia";"Calle de Ginzo de Limia, 34 [Madrid, 28029]";"Magia";"0";"15";"standard";;"019f5b44-97bd-7294-b227-4115deed3974"
"019f6abe-c3b5-72f3-a13e-6161f3816bf3";"ENSAYO ABIERTO";"9/16/2026 6:30:00 PM";"10/28/2026 7:30:00 PM";"Teatro Arlequín Gran Vía";"Calle de San Bernardo, 5, 28013 Madrid [40.421310424805, -3.7084710597992]";"Teatro / Teatro Musical";"0";"12";"standard";;"019f6abd-987e-70a5-b516-e93a86a05a5e"
"019f6b52-2c58-7049-b0e7-f73c1bffcea6";"PATRICIA DONN - A CUERDA Y TACÓN";"9/7/2026 6:00:00 PM";"11/9/2026 7:00:00 PM";"Gran Teatro Pavón";"Calle Embajadores, 9, 28012 Madrid [40, -3]";"Danza";"0";"18";"standard";;"019f6b50-e89f-71b8-849f-5d411ad4c855"
"019f6f25-e1d7-7324-b91d-e6a028c4d7f2";"CONCIERTO ROCK CON Ñ  (FIN DEL VERANO)";"9/26/2026 6:30:00 PM";"9/26/2026 6:30:00 PM";"Sala Conchita Amores";"28981, Parla, Madrid, España [40.239352, -3.774117]";"Música";"0";"16";"standard";;"019f6f25-da97-70d2-8893-3df606611254"
"019f6f71-53e8-707d-a834-cf694aebebbf";"THE ROYAL GAG ORCHESTRA – YLLANA";"9/3/2026 6:00:00 PM";"10/15/2026 6:30:00 PM";"Gran Teatro Caixabank Príncipe Pío";"Cuesta de San Vicente, 44 Madrid [40.420413970947, -3.7190775871277]";"Teatro / Teatro Musical";"0";"22";"standard";;"019f6f71-4f30-73c5-aad5-8fa8cb162792"
"019f6fdb-e9cd-73ec-a807-f77e26f768de";"RELATOS INFAMES";"7/18/2026 7:30:00 PM";"9/25/2026 7:00:00 PM";"Teseo Teatro";"Ronda de Segovia 61, 28005 Madrid [40.408851623535, -3.7159860134125]";"Teatro / Teatro Musical";"0";"12";"standard";;"019f6fdb-5351-734a-b774-61f641939dc8"
"019f6fe4-25e1-71f5-9196-28d0d163a19b";"Los Expertos dicen Fe";"7/18/2026 8:45:00 PM";"10/3/2026 5:00:00 PM";"La Butaca Amarilla";"C. de Ercilla, 15, 28005 Madrid [40.402935028076, -3.7027797698975]";"Monólogo";"0";"14";"standard";;"019f6fe4-22da-727d-920f-9b418e11c226"
"019f7fff-d2a2-701d-a443-400227a8dee3";"LA COPA ROTA";"9/25/2026 4:00:00 PM";"10/30/2026 7:30:00 PM";"Teatro Serrano";"C. de Serrano, 104, 28006 Madrid [40.434280395508, -3.6862285137177]";"Música";"0";"18";"standard";;"019f7fff-a170-7307-9f21-b67136ec5dba"
"019f83d6-847a-7197-91ab-4d929325dcfa";"DANI DELACÁMARA - GILIPOLLECES INTELIGENTES";"9/21/2026 6:30:00 PM";"10/27/2026 7:30:00 PM";"Teatro Arlequín Gran Vía";"Calle de San Bernardo, 5, 28013 Madrid [40.421310424805, -3.7084710597992]";"Monólogo";"0";"18";"standard";;"019f83d5-8e4b-70be-acce-7258023aefda"
"019f8441-f06f-70fd-bfb9-4eaa50cec67a";"FERNANDO MORAÑO - No-Do y crédito";"7/26/2026 11:00:00 AM";"9/27/2026 6:00:00 PM";"Tropicana Beach Club Madrid";"Calle de la Lechuga, 2, 28012 Madrid [40.4143409729, -3.7065660953522]";"Monólogo";"0";"15";"standard";;"019f8441-7d6b-71d1-b51b-e238b6ff2e75"
"019f8475-a1c6-7318-9deb-30769718b415";"VILLANAS";"9/29/2026 4:00:00 PM";"12/1/2026 5:00:00 PM";"Teatro Arlequín Gran Vía";"Calle de San Bernardo, 5, 28013 Madrid [40.421310424805, -3.7084710597992]";"Teatro / Teatro Musical";"0";"12";"standard";;"019f8475-115a-70b0-8607-1c3d6e78bad1"
"019f852f-0eae-7056-ba6d-b24ccba44947";"TANTRA EN CARABANCHEL";"9/14/2026 6:00:00 PM";"10/26/2026 5:00:00 PM";"Teatro Arlequín Gran Vía";"Calle de San Bernardo, 5, 28013 Madrid [40.421310424805, -3.7084710597992]";"Teatro / Teatro Musical";"0";"15";"standard";;"019f852e-8811-72d4-99c3-0a2626a588f2"
"019f8926-83b4-72d9-9c60-d560de483257";"Probando Material";"7/24/2026 9:00:00 PM";"10/2/2026 9:00:00 PM";"Teatro Escondido Gran Vía";"C. de las Tres Cruces, 12, Centro, 28013 Madrid [40.419696807861, -3.7024371623993]";"Monólogo";"0";"12";"standard";;"019f8926-08e1-701f-ad19-dc215cae8098"
"019f8931-cc7c-721f-81a2-c68d44ef448d";"Tía, me dejas muerta";"8/7/2026 8:45:00 PM";"9/24/2026 6:30:00 PM";"La Butaca Amarilla";"C. de Ercilla, 15, 28005 Madrid [40.402935028076, -3.7027797698975]";"Monólogo";"0";"14";"standard";;"019f8931-2cb7-702e-89ab-e5172576b6f7"
"019f8958-8a95-7008-97e6-5fa922d8b002";"HIPOTECA CONCEBIDA";"10/14/2026 4:00:00 PM";"11/25/2026 7:30:00 PM";"Teatro Arlequín Gran Vía";"Calle de San Bernardo, 5, 28013 Madrid [40.421310424805, -3.7084710597992]";"Teatro / Teatro Musical";"0";"15";"standard";;"019f8956-d52c-70e4-9b44-195602bcc17a"
"019f89bf-694c-7060-9b07-2a9eaea935c0";"PEGADOS - UN MUSICAL DIFERENTE";"10/28/2026 6:30:00 PM";"11/29/2026 12:00:00 PM";"Gran Teatro Pavón";"Calle Embajadores, 9, 28012 Madrid [40, -3]";"Teatro / Teatro Musical";"0";"18";"standard";;"019f89be-f246-7320-80f0-1d6a65fa2f50"
"019f937b-0cba-73e5-905e-765765514352";"A Sky Full Of Stars - The Coldplay Piano Show";"8/19/2026 6:00:00 PM";"9/27/2026 3:30:00 PM";"Teatros Luchana";"Calle Luchana 38, 28010 Madrid [40.431880950928, -3.6982574462891]";"Música";"0";"18";"standard";;"01a0392a-9026-70ca-943b-68e7d6b8ac97"
"019fa289-df8a-703e-a603-b0996e78c72c";"POWER: Una experiencia muy VIP ";"7/28/2026 6:30:00 PM";"9/27/2026 6:00:00 PM";"La Escalera De Jacob";"C/ Lavapiés nº9 Madrid Madrid 28012 [40.412017822266, -3.7028079032898]";"Magia";"0";"14";"standard";;"019fa288-ff03-7144-abcd-e694badb551d"
"019fa331-d437-73ca-b8d5-55ec6000f140";"1,2,3 probando monólogos";"8/20/2026 7:30:00 PM";"9/24/2026 7:30:00 PM";"Teatro Escondido Gran Vía";"C. de las Tres Cruces, 12, Centro, 28013 Madrid [40.419696807861, -3.7024371623993]";"Monólogo";"0";"12";"standard";;"019fa330-d58a-7381-ae64-b629a06cb517"
"019fa3d6-546f-7146-8a08-02ee556bb516";"BINGO: SUPER ESTRELLAS";"8/29/2026 7:00:00 PM";"11/27/2026 8:00:00 PM";"Teatro Las Vegas";"C. de los Hermanos García Noblejas, 17 San Blas-Canillejas, 28037 Madrid [40.43688583374, -3.6366655826569]";"Música";"0";"15";"standard";;"019fa3d5-02d8-70d5-814e-b7fc2b051551"
"019fa3e3-768d-72f0-833e-4da37dc80e52";"CABARET THE SECRET SHOW";"9/5/2026 7:00:00 PM";"11/20/2026 8:00:00 PM";"Teatro Las Vegas";"C. de los Hermanos García Noblejas, 17 San Blas-Canillejas, 28037 Madrid [40.43688583374, -3.6366655826569]";"Circo / Cabaret";"0";"15";"standard";;"019fa3e2-fc0e-72eb-aaaf-f34bb974ca17"
"019fa3e8-92d9-7048-b32a-e6dd11f2efd5";"EL GRAN ESPECTACULO";"10/22/2026 7:00:00 PM";"10/22/2026 7:00:00 PM";"Teatro Las Vegas";"C. de los Hermanos García Noblejas, 17 San Blas-Canillejas, 28037 Madrid [40.43688583374, -3.6366655826569]";"Música";"0";"15";"standard";;"019fa3e7-79a3-715a-a81e-f133baf1afe6"
"019fa3ea-b043-713a-90ca-06288dbfebc1";"FUSION FLAMENCA LAS VEGAS";"10/11/2026 12:00:00 PM";"11/8/2026 1:00:00 PM";"Teatro Las Vegas";"C. de los Hermanos García Noblejas, 17 San Blas-Canillejas, 28037 Madrid [40.43688583374, -3.6366655826569]";"Música";"0";"15";"standard";;"019fa3ea-1e50-70b3-b6b0-c2c1c886f9f2"
"019fa3ee-21b6-70fe-a390-140552c8a958";"LAS VEGAS EXPERIENCE";"9/12/2026 7:00:00 PM";"11/28/2026 8:00:00 PM";"Teatro Las Vegas";"C. de los Hermanos García Noblejas, 17 San Blas-Canillejas, 28037 Madrid [40.43688583374, -3.6366655826569]";"Música";"0";"15";"standard";;"019fa3ed-7583-7222-820b-e194d49a0ecc"
"019fa3f5-5e81-70f2-a708-864930e5f0b0";"THE GOLDEN DISCO";"9/19/2026 7:00:00 PM";"11/21/2026 8:00:00 PM";"Teatro Las Vegas";"C. de los Hermanos García Noblejas, 17 San Blas-Canillejas, 28037 Madrid [40.43688583374, -3.6366655826569]";"Música";"0";"15";"standard";;"019fa3f4-ade5-73ab-a59a-93f82f478f57"
"019fa801-cc7d-710b-884f-a187ed28db40";"NO DISPARES QUE TE CUENTO";"8/16/2026 6:00:00 PM";"12/27/2026 7:00:00 PM";"Off Latina";"Calle de los Mancebos, 4, 28005 Madrid [40.412044525146, -3.711972951889]";"Teatro / Teatro Musical";"0";"12";"standard";;"019fa801-c73c-7032-8cd2-b42754226b98"
"019faafa-67a6-7079-939d-155d2ada20c4";"Blade Runner (V.O.S.E.)";"12/3/2026 7:00:00 PM";"12/3/2026 7:00:00 PM";"Mk2 Palacio De Hielo";"Centro Comercial Palacio de Hielo, Calle de Silvano, 77, 28043 Madrid [40.463233947754, -3.6369619369507]";"Cine";"0";"9.9";"standard";;"019faafa-678a-71d2-b149-9f35b2ad9824"
"019faafa-69c0-7133-ac6e-23aefb3163b4";"Delitos Y Faltas (V.O.S.E.)";"11/26/2026 7:00:00 PM";"11/26/2026 7:00:00 PM";"Mk2 Palacio De Hielo";"Centro Comercial Palacio de Hielo, Calle de Silvano, 77, 28043 Madrid [40.463233947754, -3.6369619369507]";"Cine";"0";"9.9";"standard";;"019faafa-69b4-73d0-8cde-358398e597fd"
"019faafa-6e72-7104-b249-1aa37a815ef9";"Gremlins (V.O.S.E.)";"12/17/2026 7:00:00 PM";"12/17/2026 7:00:00 PM";"Mk2 Palacio De Hielo";"Centro Comercial Palacio de Hielo, Calle de Silvano, 77, 28043 Madrid [40.463233947754, -3.6369619369507]";"Cine";"0";"9.9";"standard";;"019faafa-6e60-7050-8cba-7b761377401d"
"019faafa-70b9-7164-93cb-5a0c9c5d5d58";"Los Goonies (V.O.S.E.)";"9/24/2026 6:00:00 PM";"9/24/2026 6:00:00 PM";"Mk2 Palacio De Hielo";"Centro Comercial Palacio de Hielo, Calle de Silvano, 77, 28043 Madrid [40.463233947754, -3.6369619369507]";"Cine";"0";"9.9";"standard";;"019faafa-70aa-7267-a9e8-6e735e355f2f"
"019fae18-5158-7095-955e-af74abbdc2fe";"Got Magic de David Roy";"9/26/2026 10:00:00 AM";"10/17/2026 10:00:00 AM";"Cines Mk2 Palacio Hielo Eventos";"Centro Comercial Palacio de Hielo, Calle de Silvano, 77, 28043 Madrid [40.463233947754, -3.6369619369507]";"Magia";"0";"16";"standard";;"019fae18-4ae2-7326-8efb-f292ad5265b4"
"019fb8d2-72ed-716f-b2ac-24f2fc83918f";"Mi Primer Mundo - La comedia más latina de la Gran Vía";"8/2/2026 6:00:00 PM";"10/11/2026 6:00:00 PM";"Teatro Escondido Gran Vía";"C. de las Tres Cruces, 12, Centro, 28013 Madrid [40.419696807861, -3.7024371623993]";"Monólogo";"0";"12";"standard";;"019fb8d2-3868-701d-a9cc-8c2832cde457"
"019fcbd6-61fd-719d-97fb-550d5292751a";"Aventuras con Maui - Tributo a Vaina";"8/8/2026 10:30:00 AM";"9/26/2026 10:00:00 AM";"Teatro Espacio Alma";"Calle de Alberto Aguilera 4, 28015 Madrid, Madrid, España [40.429839, -3.706585]";"Infantil / Familiar";"0";"20";"standard";;"019fcbd5-495e-7398-927f-d2fd4ce7d374"
"019fcc35-a315-706d-94fe-3c2883519e43";"ÁVILA DESCONOCIDO";"9/5/2026 4:00:00 PM";"10/17/2026 4:00:00 PM";"Basílica de los santos Vicente, Sabina y Cristeta";"Plaza San Vicente 4, 05001 Ávila, provincia de Ávila, España [40.657928, -4.69666]";"Visitas Guiadas / Talleres";"0";"20";"standard";;"019fd21b-fe96-725a-a818-f8b6174a977e"
"019fcc43-dec0-72b7-867a-c6dd564d2de8";"Entre romanos y borbones: las calzadas históricas de Cercedilla";"9/19/2026 9:00:00 AM";"10/24/2026 9:00:00 AM";"Centro de Visitantes Valle de La Fuenfría";"Carretera de las Dehesas, 28470 Cercedilla, Madrid, España [40.742631, -4.066827]";"Visitas Guiadas / Talleres";"0";"20";"standard";;"019fd21c-5d03-71e5-a585-9dec6e63c970"
"019fd182-9f71-7010-891d-11c17b0d4d1d";"NO HAY BURLAS CON EL AMOR";"8/8/2026 8:45:00 PM";"10/24/2026 6:30:00 PM";"Corral Comedias Almagro (Ciudad Real)";"Pl. Mayor 18, 13270 Almagro, Ciudad Real [38.888439178467, -3.7119119167328]";"Teatro / Teatro Musical";"0";"25";"standard";;"019fd182-321c-7109-b146-3229a1beb43d"
"019fd699-7a82-7282-995e-2afa8863a378";"¡No Toques ese Botón!";"8/22/2026 11:30:00 AM";"12/26/2026 12:30:00 PM";"Espacio Broadway";"C. de San Vicente Ferrer, 55, 28015 Madrid [40.426116943359, -3.7078297138214]";"Infantil / Familiar";"0";"12";"standard";;"019fd698-e556-7085-8599-3b7e0fb1f414"
"019fd69d-7fd4-707f-ba8c-0d6f6d30293a";"TOC";"8/28/2026 5:30:00 PM";"12/18/2026 7:30:00 PM";"Espacio Broadway";"C. de San Vicente Ferrer, 55, 28015 Madrid [40.426116943359, -3.7078297138214]";"Teatro / Teatro Musical";"0";"12";"standard";;"019fd69d-0659-7004-87ff-8079ea8ca4fb"
"019fd69f-b2c1-7353-acf2-6da5ee42a133";"MAGIC, Tributo a Disney";"8/16/2026 11:30:00 AM";"12/27/2026 12:30:00 PM";"Espacio Broadway";"C. de San Vicente Ferrer, 55, 28015 Madrid [40.426116943359, -3.7078297138214]";"Teatro / Teatro Musical";"0";"12";"standard";;"019fd69f-42ec-7283-89be-cdaa41ae9f3d"
"019fdb51-4a26-709e-81d0-3f81c6ddae44";"MERCERÍA PALOMA";"8/16/2026 6:00:00 PM";"12/27/2026 8:30:00 PM";"Off Latina";"Calle de los Mancebos, 4, 28005 Madrid [40.412044525146, -3.711972951889]";"Teatro / Teatro Musical";"0";"12";"standard";;"019fdb50-aa38-728d-b36a-726cd9410bc4"
"019fde7a-0031-7162-bcbc-d778924d9e49";"La Odisea";"8/10/2026 2:00:00 PM";"10/1/2026 8:15:00 PM";"Mk2 Palacio De Hielo";"Centro Comercial Palacio de Hielo, Calle de Silvano, 77, 28043 Madrid [40.463233947754, -3.6369619369507]";"Cine";"0";"9.9";"standard";;"019fde7a-0026-70b4-b246-2da35b78b1b7"
"019febe7-68f2-7167-aa14-9b0826044450";"¡OH! ¡Que miedo!";"10/7/2026 7:30:00 PM";"10/28/2026 8:30:00 PM";"Espacio Broadway";"C. de San Vicente Ferrer, 55, 28015 Madrid [40.426116943359, -3.7078297138214]";"Monólogo";"0";"12";"standard";;"019febe6-074d-72ce-b925-a0dae156b1de"
"019febed-aec7-7251-88f0-77e8f7d2e9b5";"NO MIRES ATRÁS...";"10/14/2026 6:00:00 PM";"10/28/2026 7:00:00 PM";"Espacio Broadway";"C. de San Vicente Ferrer, 55, 28015 Madrid [40.426116943359, -3.7078297138214]";"Teatro / Teatro Musical";"0";"12";"standard";;"019febec-fe9e-72e0-bb65-7c9781731346"
"019febf0-e203-7282-af6b-32d478797490";"¡NO ABRAS LAS PUERTAS!";"10/7/2026 4:30:00 PM";"10/28/2026 5:30:00 PM";"Espacio Broadway";"C. de San Vicente Ferrer, 55, 28015 Madrid [40.426116943359, -3.7078297138214]";"Teatro / Teatro Musical";"0";"12";"standard";;"019febf0-5a25-7310-aecd-d307490af16f"
"019ff05b-296f-7105-8630-4e70ddaa8e03";"NOCHE DE BOLEROS";"8/26/2026 5:30:00 PM";"9/29/2026 6:00:00 PM";"Teatro Espacio Alma";"Calle de Alberto Aguilera 4, 28015 Madrid, Madrid, España [40.429839, -3.706585]";"Música";"0";"15";"standard";;"019ff05a-b786-717f-93f7-9696bb75eba0"
"019ff07d-fa47-70f3-8885-59664b0e46ab";"Viaje a un rincón de la Floridablanca";"9/5/2026 6:30:00 PM";"9/26/2026 6:30:00 PM";"Sala De Teatro Bululú2120";"C. de Canarias, 16, 28045 Madrid [40.40266418457, -3.6965370178223]";"Teatro / Teatro Musical";"0";"16";"standard";;"019ff07d-f56a-73ca-87a2-1f327aee8b57"
"019ff839-f245-7351-b2da-4a2d974fa1de";"Spider-Man: Brand New Day";"8/13/2026 2:10:00 PM";"10/1/2026 8:25:00 PM";"Mk2 Palacio De Hielo";"Centro Comercial Palacio de Hielo, Calle de Silvano, 77, 28043 Madrid [40.463233947754, -3.6369619369507]";"Cine";"0";"9.9";"standard";;"019ff839-f221-7013-a394-258c52a93ce0"
"019fff4d-ebfa-733d-ae7c-289aa2ad93e1";"SOLTERONAS";"9/3/2026 8:00:00 PM";"12/17/2026 9:00:00 PM";"Espacio Broadway";"C. de San Vicente Ferrer, 55, 28015 Madrid [40.426116943359, -3.7078297138214]";"Teatro / Teatro Musical";"0";"12";"standard";;"019fff4d-6c3b-721a-bd8b-3ef5e748eb2f"
"019fff51-717d-71e9-832b-88f8a72c1866";"¿LOCA , YO?";"9/13/2026 4:00:00 PM";"12/27/2026 5:00:00 PM";"Espacio Broadway";"C. de San Vicente Ferrer, 55, 28015 Madrid [40.426116943359, -3.7078297138214]";"Teatro / Teatro Musical";"0";"12";"standard";;"019fff50-90ac-70ce-a340-9932b2ff06dd"
"019fff55-afa3-72e8-b84b-98b01a9145fe";"¡PATAS ARRIBA!";"9/13/2026 2:30:00 PM";"12/27/2026 3:30:00 PM";"Espacio Broadway";"C. de San Vicente Ferrer, 55, 28015 Madrid [40.426116943359, -3.7078297138214]";"Infantil / Familiar";"0";"12";"standard";;"019fff55-0a12-70ee-9eaf-72b1d18a91a8"
"019fff66-2ea8-737b-b34c-e1995738f2dd";"NADIE VIO NADA";"9/3/2026 6:30:00 PM";"12/17/2026 7:30:00 PM";"Espacio Broadway";"C. de San Vicente Ferrer, 55, 28015 Madrid [40.426116943359, -3.7078297138214]";"Teatro / Teatro Musical";"0";"12";"standard";;"019fff65-bae3-700e-98f6-910b3303e74e"
"019fff6b-71ee-70bf-9d33-68f15689e0b0";"SE BUSCA COMPI";"9/16/2026 6:30:00 PM";"12/30/2026 7:30:00 PM";"Espacio Broadway";"C. de San Vicente Ferrer, 55, 28015 Madrid [40.426116943359, -3.7078297138214]";"Teatro / Teatro Musical";"0";"12";"standard";;"019fff6a-cc59-7188-8f4d-3cfb593cc224"
"019fff79-10ed-71b6-bfc0-aaad87db3c5e";"DESQUICIADAS";"9/15/2026 5:00:00 PM";"12/29/2026 6:00:00 PM";"Espacio Broadway";"C. de San Vicente Ferrer, 55, 28015 Madrid [40.426116943359, -3.7078297138214]";"Teatro / Teatro Musical";"0";"12";"standard";;"019fff78-7efd-7288-b0b2-453130d7c275"
"019fff90-3337-7188-a9f7-c7cd2fea4524";"ELLAS";"9/22/2026 6:30:00 PM";"12/29/2026 7:30:00 PM";"Espacio Broadway";"C. de San Vicente Ferrer, 55, 28015 Madrid [40.426116943359, -3.7078297138214]";"Teatro / Teatro Musical";"0";"12";"standard";;"019fff8f-9585-71fe-b5d9-484cc0536520"
"019fff9d-a35c-71c1-bd47-8f73462f6462";"ROMPE BODAS";"9/16/2026 5:00:00 PM";"12/30/2026 6:00:00 PM";"Espacio Broadway";"C. de San Vicente Ferrer, 55, 28015 Madrid [40.426116943359, -3.7078297138214]";"Teatro / Teatro Musical";"0";"12";"standard";;"019fff95-0e07-73e0-8a74-ab0b2918ac2b"
"01a00ece-3ce0-7232-bd64-b9002ef99b4d";"SUMMER NIGHTS - PATATAS BRAVAS";"8/20/2026 4:05:00 PM";"9/29/2026 4:05:00 PM";"Expl. Gran Teatro Príncipe Pío";"Cuesta de San Vicente 44, 28008 Madrid [40.420413970947, -3.7190775871277]";"Otros";"0";"9.5";"standard";;"01a01060-e1ca-7208-8445-d3fa9f27e2b8"
"01a0145e-365b-7333-bc0d-f4171f833749";"OSKY Y SU HILO MULTICOLOR";"10/11/2026 2:00:00 PM";"11/13/2026 5:00:00 PM";"Teatro Salesianos Estrecho";"C. de Francos Rodríguez, 5, 28039 Madrid [40.455078125, -3.7039694786072]";"Infantil / Familiar";"0";"18";"standard";;"01a0145c-f542-73e2-b56f-5bad4772b342"
"01a01475-ac4f-71a0-95b6-58935966eea6";"SUEÑOS";"10/11/2026 10:00:00 AM";"11/27/2026 5:00:00 PM";"Teatro Salesianos Estrecho";"C. de Francos Rodríguez, 5, 28039 Madrid [40.455078125, -3.7039694786072]";"Infantil / Familiar";"0";"18";"standard";;"01a01475-32ef-72b0-a43d-874904007082"
"01a01478-d5fe-7373-a66c-39e9d8b5b13c";"EL BOSQUE ENCANTADO";"10/3/2026 4:00:00 PM";"10/31/2026 5:00:00 PM";"Teatro Salesianos Estrecho";"C. de Francos Rodríguez, 5, 28039 Madrid [40.455078125, -3.7039694786072]";"Infantil / Familiar";"0";"18";"standard";;"01a01478-8945-71a3-8585-4e7c6ae369f3"
"01a0148b-78f5-72a4-aba1-295e3b53cac3";"¡ES NAVIDAD!";"12/5/2026 11:00:00 AM";"1/4/2027 11:00:00 AM";"Teatro Salesianos Estrecho";"C. de Francos Rodríguez, 5, 28039 Madrid [40.455078125, -3.7039694786072]";"Infantil / Familiar";"0";"18";"standard";;"01a0593c-4141-7327-b63c-01303db11efa"
"01a014a0-419e-7306-bbdc-76a160c933b7";"TODO EL ROLLO, TRIBUTO A LOS 80s Y LOS 90s";"10/3/2026 7:00:00 PM";"11/28/2026 8:00:00 PM";"Teatro Salesianos Estrecho";"C. de Francos Rodríguez, 5, 28039 Madrid [40.455078125, -3.7039694786072]";"Música";"0";"18";"standard";;"01a0149f-6d1c-7326-a428-d94166d9d4ec"
"01a01a55-360d-71d1-a25b-53764be888e8";"MANUAL PARA DEJAR A UN HOMBRE";"10/9/2026 4:00:00 PM";"10/9/2026 4:00:00 PM";"Teatro Salesianos Estrecho";"C. de Francos Rodríguez, 5, 28039 Madrid [40.455078125, -3.7039694786072]";"Teatro / Teatro Musical";"0";"18";"standard";;"01a01a54-c7aa-7321-8b53-0d18f2a8dd8e"
"01a01aae-7950-721d-af07-446184ffa9eb";"PRINCESAS EN APUROS";"12/19/2026 11:00:00 AM";"1/5/2027 11:00:00 AM";"Teatro Salesianos Estrecho";"C. de Francos Rodríguez, 5, 28039 Madrid [40.455078125, -3.7039694786072]";"Infantil / Familiar";"0";"18";"standard";;"01a01aad-be42-72bd-bd70-ebdf6a60589b"
"01a01e7f-9ab9-7041-a5dd-bb027bcac21f";"SOY TÓXICA";"9/19/2026 4:00:00 PM";"12/26/2026 5:00:00 PM";"Axel Hotel Madrid";"C. de Atocha, 49, 28012 Madrid [40.41316986084, -3.7005779743195]";"Monólogo";"0";"12";"standard";;"01a01e7e-c233-70bc-8998-5c4d43feb7eb"
"01a01f69-511b-718d-b12b-76967db1c07b";"NEW YORK, NEW YORK. Vive los éxitos de Broadway";"10/25/2026 4:00:00 PM";"10/25/2026 4:00:00 PM";"Espacio Gran Vía";"Calle Ballesta, 7, 28004 MADRID [40.421669006348, -3.7036335468292]";"Música";"0";"15";"standard";;"01a01f68-8d89-705f-a2a2-33cf4d9f7393"
"01a01f73-599b-72d2-b867-cfd8d9e9c903";"NOCHES ENCENDIDAS";"9/16/2026 5:00:00 PM";"10/28/2026 6:00:00 PM";"Espacio Gran Vía";"Calle Ballesta, 7, 28004 MADRID [40.421669006348, -3.7036335468292]";"Música";"0";"15";"standard";;"01a01f72-ccf4-73d2-bd01-3da32dc42f91"
"01a01f76-818a-71ce-8952-e8015ef4de0f";"19 Días: Tributo al maestro Sabina";"9/22/2026 5:00:00 PM";"10/6/2026 5:00:00 PM";"Espacio Gran Vía";"Calle Ballesta, 7, 28004 MADRID [40.421669006348, -3.7036335468292]";"Música";"0";"15";"standard";;"01a01f76-03e5-71fc-87e5-012d33001957"
"01a01f7c-8750-734f-a72b-c257b7171bbe";"YO PENSABA QUE ERA ESTRES";"9/11/2026 4:00:00 PM";"12/25/2026 4:00:00 PM";"Espacio Gran Vía";"Calle Ballesta, 7, 28004 MADRID [40.421669006348, -3.7036335468292]";"Teatro / Teatro Musical";"0";"15";"standard";;"01a01f7b-9faa-710b-901f-45a2c3f63a2a"
"01a032fd-7871-70cf-8f61-a7acc0c458b7";"LAS REINAS DEL POP";"10/7/2026 5:00:00 PM";"10/27/2026 8:00:00 PM";"Espacio Gran Vía";"Calle Ballesta, 7, 28004 MADRID [40.421669006348, -3.7036335468292]";"Música";"0";"15";"standard";;"01a032fd-0b39-70d9-bbe7-847005cf624c"
"01a032ff-94cb-728c-abdb-3a60d46c24e1";"ESCUCHAMOS Y JUZGAMOS";"9/17/2026 8:00:00 PM";"10/29/2026 9:00:00 PM";"Espacio Gran Vía";"Calle Ballesta, 7, 28004 MADRID [40.421669006348, -3.7036335468292]";"Monólogo";"0";"15";"standard";;"01a032ff-1e1c-7114-b56a-901f20ab2485"
"01a03301-76bb-71ad-a8bc-1fe35f2eae0f";"Miguel Bosé, tributo a una leyenda";"9/1/2026 5:00:00 PM";"10/20/2026 5:00:00 PM";"Espacio Gran Vía";"Calle Ballesta, 7, 28004 MADRID [40.421669006348, -3.7036335468292]";"Música";"0";"15";"standard";;"01a03301-28f1-73ca-a0a0-d099dd1cfe89"
"01a0335b-d16e-73dc-9f46-f9d77ac7674b";"CENTRIFUGADOS: a 2000 revoluciones!";"9/27/2026 7:00:00 PM";"10/25/2026 8:00:00 PM";"Espacio Broadway";"C. de San Vicente Ferrer, 55, 28015 Madrid [40.426116943359, -3.7078297138214]";"Monólogo";"0";"12";"standard";;"01a03359-62a9-723d-a243-753d4ef0e01f"
"01a033a7-754b-71f8-8577-c9d7a56f9257";"STANDS UP PARALELO: micro abierto";"9/28/2026 5:30:00 PM";"10/26/2026 6:30:00 PM";"Espacio Broadway";"C. de San Vicente Ferrer, 55, 28015 Madrid [40.426116943359, -3.7078297138214]";"Monólogo";"0";"12";"standard";;"01a033a5-64f2-73cb-b44f-1670d0009cf9"
"01a0383d-d86c-73cd-bb41-6f4b291cd1ed";"Dios se muere";"9/27/2026 7:00:00 PM";"9/27/2026 7:00:00 PM";"La Butaca Amarilla";"C. de Ercilla, 15, 28005 Madrid [40.402935028076, -3.7027797698975]";"Monólogo";"0";"14";"standard";;"01a0383b-e573-735e-aa3e-5bc793130d0d"
"01a03882-27e0-7388-82de-fa1edaa32a0d";"BESTSELLER - LA OBRA QUE LORCA NUNCA ESCRIBIÓ";"9/9/2026 5:30:00 PM";"9/27/2026 6:30:00 PM";"Gran Teatro Pavón";"Calle Embajadores, 9, 28012 Madrid [40, -3]";"Teatro / Teatro Musical";"0";"25";"standard";;"01a0387d-f606-73d3-a4b2-731154861903"
"01a03d1d-19d1-738a-bbe2-31dc6b3395c9";"LABERINTO DE ILUSION";"9/19/2026 3:00:00 PM";"12/26/2026 4:00:00 PM";"Off Latina";"Calle de los Mancebos, 4, 28005 Madrid [40.412044525146, -3.711972951889]";"Magia";"0";"12";"standard";;"01a03d1b-0644-722f-ab49-d8cf45ecc3b7"
"01a03d60-886e-70f4-992f-fbb9af0f3970";"Rey Lirón";"9/2/2026 4:30:00 PM";"10/28/2026 5:30:00 PM";"Teatro Espacio Alma";"Calle de Alberto Aguilera 4, 28015 Madrid, Madrid, España [40.429839, -3.706585]";"Teatro / Teatro Musical";"0";"20";"standard";;"01a03d5d-1648-716a-bd1b-ce65426f5929"
"01a03d6e-0c3a-714f-b25b-3b477778dd25";"Mil Guitarras";"9/4/2026 4:30:00 PM";"10/31/2026 5:30:00 PM";"Teatro Espacio Alma";"Calle de Alberto Aguilera 4, 28015 Madrid, Madrid, España [40.429839, -3.706585]";"Música";"0";"20";"standard";;"01a03d6d-dc82-7383-9a38-9b17ed339ca6"
"01a04269-92db-70ca-a01e-28121ca56039";"¡ROCKEA y ensancha el alma!";"10/10/2026 9:30:00 PM";"10/24/2026 9:30:00 PM";"Espacio Broadway";"C. de San Vicente Ferrer, 55, 28015 Madrid [40.426116943359, -3.7078297138214]";"Música";"0";"12";"standard";;"01a06716-9639-7385-b15f-6a60893e786d"
"01a042d1-e629-72ad-9109-f671135d4556";"UNIVERSO MECANO";"10/2/2026 7:00:00 PM";"10/2/2026 7:00:00 PM";"Yasta Club";"Calle de Valverde, 10, 28004 Madrid [40.421119689941, -3.7019925117493]";"Música";"0";"10";"standard";;"01a042d1-6e56-73f5-ae38-2a3fb4d95132"
"01a056e0-5ffe-730e-814c-52cca2723d51";"CONCIERTO MEGARA";"11/7/2026 7:30:00 PM";"11/7/2026 7:30:00 PM";"Sala Revilive";"Calle los Cavilas, 4, 28052 Madrid [40.401218414307, -3.5909984111786]";"Música";"0";"18";"standard";;"01a0587d-c7ac-712f-9234-3f9b002be826"
"01a056ef-1d9f-7146-be9a-d030106e44a4";"Campamento de verano";"9/6/2026 10:30:00 AM";"10/4/2026 10:30:00 AM";"Teatro Espacio Alma";"Calle de Alberto Aguilera 4, 28015 Madrid, Madrid, España [40.429839, -3.706585]";"Infantil / Familiar";"0";"15";"standard";;"01a056ee-9dd9-70c8-9180-0037dc49c67d"
"01a05706-9850-732c-b248-cbb73cf4abfc";"Asómbrate y Ríe - Santi Fernández en Madrid";"9/3/2026 6:00:00 PM";"9/24/2026 6:00:00 PM";"Teatro Escondido Gran Vía";"C. de las Tres Cruces, 12, Centro, 28013 Madrid [40.419696807861, -3.7024371623993]";"Magia";"0";"18";"standard";;"01a05704-4e73-702a-a50c-f69e71450c73"
"01a05841-682d-70af-b0c6-5b58e2c27ff3";"Chuchuwá";"9/5/2026 10:30:00 AM";"10/17/2026 10:30:00 AM";"Teatro Espacio Alma";"Calle de Alberto Aguilera 4, 28015 Madrid, Madrid, España [40.429839, -3.706585]";"Infantil / Familiar";"0";"15";"standard";;"01a05841-004b-73eb-a7bf-b9e38a95fcc4"
"01a05845-475e-7054-8d52-27614ab3bd15";"TO PA MÍ";"9/4/2026 9:00:00 PM";"10/9/2026 9:00:00 PM";"Teatro Espacio Alma";"Calle de Alberto Aguilera 4, 28015 Madrid, Madrid, España [40.429839, -3.706585]";"Circo / Cabaret";"0";"15";"standard";;"01a05845-039a-739c-b12f-71c7c0cefd8e"
"01a05848-b93e-7220-abea-b982939c1cd3";"El Regalo";"9/4/2026 5:00:00 PM";"10/9/2026 5:00:00 PM";"Teatro Espacio Alma";"Calle de Alberto Aguilera 4, 28015 Madrid, Madrid, España [40.429839, -3.706585]";"Teatro / Teatro Musical";"0";"15";"standard";;"01a05848-6b85-72fb-980b-b09189c9170f"
"01a05865-6c89-71f2-bb0b-c86b1bc37057";"HISTÓRICAS PERDIDAS";"9/5/2026 3:00:00 PM";"10/31/2026 4:00:00 PM";"Teatro De Las Aguas";"Calle de las Aguas 8, 28005 Madrid [40.411056518555, -3.712249994278]";"Teatro / Teatro Musical";"0";"12";"standard";;"01a05864-a1eb-71e9-88b1-5458245bafa6"
"01a06bac-8e09-71d8-8a7e-dc15e43a682f";"Comedy Pizza – David Navarro, Coria Castillo y Quique Matilla";"9/29/2026 6:30:00 PM";"9/29/2026 6:30:00 PM";"Teatro Espacio Alma";"Calle de Alberto Aguilera 4, 28015 Madrid, Madrid, España [40.429839, -3.706585]";"Teatro / Teatro Musical";"0";"15";"standard";;"01a06bac-2db1-70df-8caf-9494f7dacd85"
"01a06bbd-92ed-7259-8f22-d37bd0c58b5d";"Comedia Animal";"9/4/2026 7:00:00 PM";"9/25/2026 7:00:00 PM";"Estación Comedy";"C. del Pez, 16, 28004 Madrid [40.42359161377, -3.7050704956055]";"Monólogo";"0";"10";"standard";;"01a06bbd-8ac4-733b-86a9-97152a3ca1e3"
"01a06eac-17d1-7213-9fba-efc76cf33d76";"El Ser Querido";"9/7/2026 2:15:00 PM";"10/1/2026 7:45:00 PM";"Mk2 Palacio De Hielo";"Centro Comercial Palacio de Hielo, Calle de Silvano, 77, 28043 Madrid [40.463233947754, -3.6369619369507]";"Cine";"0";"9.9";"standard";;"01a06eac-17bb-722e-aa0f-175baa9e1945"
"01a06eac-2645-7041-96e6-8f5a420b9bdc";"Insidious: Fuera Del Mas Alla";"9/7/2026 2:00:00 PM";"10/1/2026 8:30:00 PM";"Mk2 Palacio De Hielo";"Centro Comercial Palacio de Hielo, Calle de Silvano, 77, 28043 Madrid [40.463233947754, -3.6369619369507]";"Cine";"0";"9.9";"standard";;"01a06eac-2626-7056-8e15-5de43d93d904"
"01a06eac-4abe-725a-a687-f34d36b92099";"Tadeo Jones Y La Lámpara Maravillosa";"9/7/2026 2:10:00 PM";"10/1/2026 4:00:00 PM";"Mk2 Palacio De Hielo";"Centro Comercial Palacio de Hielo, Calle de Silvano, 77, 28043 Madrid [40.463233947754, -3.6369619369507]";"Cine";"0";"9.9";"standard";;"01a06eac-4a94-704a-afb0-c4bb5c006620"
"01a07b50-617d-725d-b6d6-32e7e599862f";"DRAMA VS SENSIBILIDAD";"10/11/2026 6:00:00 PM";"10/11/2026 6:00:00 PM";"Arte Olimpia Embajadores";"C. de Martín de Vargas, 13, 28005 Madrid [40.403259277344, -3.7020118236542]";"Teatro / Teatro Musical";"0";"13";"standard";;"01a07b4f-a30f-70da-b809-8b785f5d8e74"
"01a07b6e-7705-7323-a42d-3256661061ef";"NUBE BUSCA CASA";"10/4/2026 10:30:00 AM";"10/4/2026 10:30:00 AM";"Arte Olimpia Embajadores";"C. de Martín de Vargas, 13, 28005 Madrid [40.403259277344, -3.7020118236542]";"Infantil / Familiar";"0";"14";"standard";;"01a07b6e-5973-71d1-8d74-f6bbc8dce855"
"01a07c9b-3034-725f-844b-8e64cbff6276";"Capi y sus Capicosas";"9/13/2026 3:00:00 PM";"12/27/2026 4:00:00 PM";"Off Latina";"Calle de los Mancebos, 4, 28005 Madrid [40.412044525146, -3.711972951889]";"Infantil / Familiar";"0";"9";"standard";;"01a07c9a-b5cb-70d3-ac66-3a8614ec7e4b"
"01a07e1f-277c-7350-91d9-937e1e633d13";"Cronos";"9/8/2026 1:45:00 PM";"9/24/2026 5:05:00 PM";"Mk2 Palacio De Hielo";"Centro Comercial Palacio de Hielo, Calle de Silvano, 77, 28043 Madrid [40.463233947754, -3.6369619369507]";"Cine";"0";"9.9";"standard";;"01a07e1f-276f-7223-9c7b-b68df855eef4"
"01a0809d-9d76-7069-be32-dd90eb77a56f";"GOLDEN TICKET";"9/16/2026 6:00:00 PM";"9/30/2026 6:00:00 PM";"La Escalera De Jacob";"C/ Lavapiés nº9 Madrid Madrid 28012 [40.412017822266, -3.7028079032898]";"Magia";"0";"14";"standard";;"01a0809c-e1a3-725b-97b2-f6d35f3ed635"
"01a080ce-a6a2-7293-8530-aa0719b421e8";"Cuentos del fin del mundo ";"9/10/2026 5:30:00 PM";"10/1/2026 5:30:00 PM";"La Escalera De Jacob";"C/ Lavapiés nº9 Madrid Madrid 28012 [40.412017822266, -3.7028079032898]";"Monólogo";"0";"16";"standard";;"01a080ce-49d5-72f0-8648-261624ee2e63"
"01a08152-09a6-7245-8169-7f567cbb2570";"Jaime Caravaca - Ningún Show es igual que el anterior";"9/24/2026 5:30:00 PM";"9/25/2026 8:00:00 PM";"Tropicana Beach Club Madrid";"Calle de la Lechuga, 2, 28012 Madrid [40.4143409729, -3.7065660953522]";"Monólogo";"0";"15";"standard";;"01a0814e-8bf1-73cc-80e4-8740415d6301"
"01a085a4-9967-71ef-941b-79e4f92fb229";"¡Que magia! Yo y mis circunstancias";"9/19/2026 5:30:00 PM";"10/31/2026 3:30:00 PM";"Sala Komodia";"Calle del Gral. Palanca, 7, 28045 Madrid [40.399658203125, -3.6989607810974]";"Magia";"0";"12";"standard";;"01a085a3-b6f5-708e-aef8-aecc75fa668e"
"01a085af-a076-7245-b3e6-d641270360fc";"Héctor Prado – El mentalista";"9/19/2026 4:00:00 PM";"10/31/2026 5:00:00 PM";"Sala Komodia";"Calle del Gral. Palanca, 7, 28045 Madrid [40.399658203125, -3.6989607810974]";"Magia";"0";"18";"standard";;"01a085ae-3628-735d-a44b-2704ea2971f8"
"01a085b3-969d-73b1-9a12-b1676f5669fd";"Arde infantil";"9/26/2026 5:30:00 PM";"10/31/2026 6:30:00 PM";"Sala Komodia";"Calle del Gral. Palanca, 7, 28045 Madrid [40.399658203125, -3.6989607810974]";"Teatro / Teatro Musical";"0";"20";"standard";;"01a085b2-7fcb-73ed-9b4a-4f859da85873"
"01a085b6-9818-7371-a953-ee9fb4914a50";"Los viajes de Gul";"9/25/2026 7:00:00 PM";"9/25/2026 7:00:00 PM";"Sala Komodia";"Calle del Gral. Palanca, 7, 28045 Madrid [40.399658203125, -3.6989607810974]";"Música";"0";"12";"standard";;"01a085b6-9441-72ce-96cc-cc7bbe8001bf"
"01a085b8-0087-71c0-b929-d89c37cceb80";"BIRRAS Y RISAS";"10/1/2026 6:00:00 PM";"10/15/2026 6:00:00 PM";"Artizanale";"Calle de Sta Engracia, 68, 28010 Madrid [40.435985565186, -3.6989123821259]";"Monólogo";"0";"14.5";"standard";;"01a085b7-f9d5-7047-85b0-6f7cd8b694ac"
"01a08b22-4c8c-7382-9b7b-275de1308a22";"GRAN CIRCO DEL AGUA";"10/17/2026 3:00:00 PM";"2/7/2027 5:00:00 PM";"Circo Alegría ";"Gran Carpa junto Palacio de Hielo, 28043 Madrid [40.463249206543, -3.6357562541962]";"Circo / Cabaret";"0";"25";"standard";;"01a08b22-48b3-7118-a283-643c2048d429"
"01a08b78-e6f6-73e0-9c48-a17d366b6768";"NOS VAMOS A LA MIERDA - José Bailón";"10/4/2026 6:00:00 PM";"10/4/2026 6:00:00 PM";"Tropicana Beach Club Madrid";"Calle de la Lechuga, 2, 28012 Madrid [40.4143409729, -3.7065660953522]";"Monólogo";"0";"15";"standard";;"01a08b77-fed8-73eb-94ca-1f411ed6c381"
"01a08faa-c2cf-71de-9cd8-3da730316ce3";"El Místerio de Chamberí";"9/12/2026 7:30:00 PM";"9/30/2026 7:00:00 PM";"Teatro Espacio Alma";"Calle de Alberto Aguilera 4, 28015 Madrid, Madrid, España [40.429839, -3.706585]";"Teatro / Teatro Musical";"0";"20";"standard";;"01a08fa9-e9c9-7159-99bb-e413e8e932c3"
"01a08fb2-37fd-718b-ae7e-c5c536b34632";"GEN-X";"10/15/2026 7:00:00 PM";"10/29/2026 8:00:00 PM";"Teatro Espacio Alma";"Calle de Alberto Aguilera 4, 28015 Madrid, Madrid, España [40.429839, -3.706585]";"Teatro / Teatro Musical";"0";"17";"standard";;"01a08fb1-d6a3-7380-88a0-29844229f817"
"01a08fdc-04b7-7040-96ed-16cf4d1e32bd";"Movistar Estudiantes . Temporada 2026/27";"9/27/2026 10:00:00 AM";"9/27/2026 10:00:00 AM";"Movistar Arena Baloncesto";"Avenida Felipe II Madrid [40.423824310303, -3.6717619895935]";"Deporte";"0";"15";"standard";;"01a0aa11-5e84-70fd-ae18-0931815a228b"
"01a090c5-2e66-7082-8bec-afac79bffcd3";"MAGALLANES ELCANO";"11/7/2026 6:30:00 PM";"12/26/2026 6:30:00 PM";"Teatro Serrano";"C. de Serrano, 104, 28006 Madrid [40.434280395508, -3.6862285137177]";"Teatro / Teatro Musical";"0";"18";"standard";;"01a090c4-b981-7009-a12c-44057c991e93"
"01a0a4a1-834a-706e-a43d-9f5aedacb948";"Ruta Senderista Atardecer Zarzalejo A Silla De Felipe II";"10/10/2026 3:30:00 PM";"10/10/2026 3:30:00 PM";"Iglesia Nuestra Señora De La Asunción (Zarzalejo)";"Pl. del Llano del Soldado, 3, 28293 Zarzalejo, Madrid [40.54012298584, -4.1641712188721]";"Visitas Guiadas / Talleres";"0";"15";"standard";;"01a0a49f-00c6-7225-9444-755ff6ed6eec"
"01a0a5bc-ec26-703e-b217-76c0d9a9ed6e";"El Último Brindis";"10/8/2026 6:00:00 PM";"12/17/2026 7:00:00 PM";"Off Latina";"Calle de los Mancebos, 4, 28005 Madrid [40.412044525146, -3.711972951889]";"Teatro / Teatro Musical";"0";"12";"standard";;"01a0a5bc-7c73-721d-b765-d46a97b5f34b"
"01a0a970-139f-73a1-b9cc-7c9fc23cf707";"AQUÍ Y AHORA - Un show de Javi Feo de la Cruz";"10/3/2026 9:00:00 PM";"10/24/2026 9:00:00 PM";"Teatro Espacio Alma";"Calle de Alberto Aguilera 4, 28015 Madrid, Madrid, España [40.429839, -3.706585]";"Magia";"0";"17";"standard";;"01a0a96f-ac1e-72ef-b79e-835a72360e50"
"01a0a973-06bb-719e-8bef-1bcea15f4e17";" En Vélez-Málaga: Sesión exclusiva: LA BOLA NEGRA";"9/25/2026 5:00:00 PM";"9/25/2026 5:00:00 PM";"Mk2 Cinesur El Ingenio";"Av. Rey Juan Carlos I 18, 29740 Vélez-Málaga [36.753467559814, -4.0990986824036]";"Cine";"0";"9.5";"standard";;"01a0a971-55fc-71ad-a8f2-1ed9abcee724"
"01a0a97b-c8b9-707b-a235-ea0beacdab38";"En FUENGIROLA: Sesión exclusiva: LA BOLA NEGRA";"9/25/2026 5:00:00 PM";"9/25/2026 5:00:00 PM";"Mk2 Cinesur Miramar Fuengirola";"Av. de la Encarnación Av. de 29640 Fuengirola, Málaga [36.528251647949, -4.6328854560852]";"Cine";"0";"9.5";"standard";;"01a0a97a-46cb-7156-bca8-49975c9c5f67"
"01a0aab4-86fa-72ec-967f-88d075d8cdd3";"EL BARRIO";"9/17/2026 7:00:00 PM";"9/25/2026 7:00:00 PM";"Sala Azarte";"C. de San Marcos, 19, 28004 Madrid [40.421417236328, -3.6983518600464]";"Teatro / Teatro Musical";"0";"18";"standard";;"01a0aab4-80d4-71e4-bafb-7f3f8a9e382a"
"01a0aabd-f65e-708f-8809-1de99a27a676";"EN MÁLAGA: ¿Tú Sabes lo que es una Posidonia?";"9/25/2026 5:00:00 PM";"9/27/2026 5:00:00 PM";"Teatro Del Soho Caixabank (Málaga)";"C. Córdoba, 13, 29001 Málaga [36.716259002686, -4.4218888282776]";"Teatro / Teatro Musical";"0";"25";"standard";;"01a0aabd-f11c-71b6-84cc-869c3cf73f52"
"01a0af81-088c-7368-8987-6903b92e7414";"Comedy Pizza: David Navarro, Eva y Qué, Quique Matilla";"10/27/2026 7:30:00 PM";"10/27/2026 7:30:00 PM";"Teatro Espacio Alma";"Calle de Alberto Aguilera 4, 28015 Madrid, Madrid, España [40.429839, -3.706585]";"Monólogo";"0";"15";"standard";;"01a0afe0-2ad6-73a2-a68e-8415d82c5079"
"01a0afd4-9e7f-7202-8ad9-ac437568cb94";"Comedy Pizza: Fran el Chavo, Eva y Qué, David Navarro";"10/6/2026 6:30:00 PM";"10/6/2026 6:30:00 PM";"Teatro Espacio Alma";"Calle de Alberto Aguilera 4, 28015 Madrid, Madrid, España [40.429839, -3.706585]";"Monólogo";"0";"15";"standard";;"01a0afd4-64e3-70e8-822a-cc86054909db"
"01a0afd6-ec0a-7344-9105-1452a6efc255";"Comedy Pizza: Chely Capitán, Bianca Kovacs, Eva y Qué";"10/13/2026 6:30:00 PM";"10/13/2026 6:30:00 PM";"Teatro Espacio Alma";"Calle de Alberto Aguilera 4, 28015 Madrid, Madrid, España [40.429839, -3.706585]";"Monólogo";"0";"15";"standard";;"01a0afd6-6b79-71c0-bc30-eb1bea49fce5"
"01a0afd9-3154-716f-8c99-33a9203f2a85";"Comedy Pizza: Coria Castillo, Quique Matilla, Carlos Clavijo";"10/20/2026 6:30:00 PM";"10/20/2026 6:30:00 PM";"Teatro Espacio Alma";"Calle de Alberto Aguilera 4, 28015 Madrid, Madrid, España [40.429839, -3.706585]";"Monólogo";"0";"15";"standard";;"01a0afd9-2cfb-7150-bd22-9d29a57d6286"
"01a0b3bb-3cf2-7392-a2de-c1fdd27e709e";"Linea 12 en Clamores";"9/24/2026 7:00:00 PM";"9/24/2026 7:00:00 PM";"Sala Clamores";"C. de Alburquerque, 14, 28010 Madrid [40.431118011475, -3.700957775116]";"Música";"0";"11";"standard";;"01a0b3ba-94a0-7345-9c69-4da3b4b86bb2"
"01a0b3c1-3da8-7339-a45e-266d090aa270";"EYELET + ÓRDAGO CHICA + LATE CAPITAL";"10/11/2026 6:30:00 PM";"10/11/2026 6:30:00 PM";"Sala El Sol";"C. de los Jardines, 3, 28013 Madrid [40.419048309326, -3.7016592025757]";"Música";"0";"19.8";"standard";;"01a0b3c0-ba20-708c-a3ad-f107354c1de0"
"01a0b424-c83f-737f-8717-28cfc638867e";"ELIXIR - Erotic Cabaret Show";"10/16/2026 9:00:00 PM";"12/26/2026 10:00:00 PM";"Espacio Gran Vía";"Calle Ballesta, 7, 28004 MADRID [40.421669006348, -3.7036335468292]";"Circo / Cabaret";"0";"20";"standard";;"01a0b423-f3e5-730c-9f36-97f681253ea1"
"01a0b53e-7dfb-7204-8032-5dc0b25e9b0b";"PALABRA ALADA";"10/15/2026 6:30:00 PM";"10/29/2026 7:30:00 PM";"Sala De Teatro Bululú2120";"C. de Canarias, 16, 28045 Madrid [40.40266418457, -3.6965370178223]";"Teatro / Teatro Musical";"0";"16";"standard";;"01a0b53e-056b-7239-ba0f-870326f02080"
"01a0b54a-120c-70be-8957-d992d0f47b6f";"EL GRAN MANICOMIO";"9/24/2026 7:30:00 PM";"9/26/2026 7:30:00 PM";"Sala Tarambana";"Calle Dolores Armengot 31, 28025 Madrid [40.385822296143, -3.7432510852814]";"Teatro / Teatro Musical";"0";"14";"standard";;"01a0b549-bde8-72fb-9b6b-5570d624ac8c"
"01a0b54f-becb-7254-941a-5c3c0dc58ace";" One Boyband - Tributo a Boybands";"10/18/2026 3:00:00 PM";"10/18/2026 3:00:00 PM";"Espacio Gran Vía";"Calle Ballesta, 7, 28004 MADRID [40.421669006348, -3.7036335468292]";"Música";"0";"15";"standard";;"01a0b54f-9e5e-7313-86b7-78f0be283ea2"
"01a0b556-1563-72d3-80bc-c385a9275943";"La fe (una historia de hermanas)";"10/8/2026 6:30:00 PM";"10/9/2026 6:30:00 PM";"Sala De Teatro Bululú2120";"C. de Canarias, 16, 28045 Madrid [40.40266418457, -3.6965370178223]";"Teatro / Teatro Musical";"0";"16";"standard";;"01a0b555-0047-7303-8aaf-2ee8bd4f03c1"
"01a0b55a-409e-70d5-ba6e-4580839a4c90";"Pequeñas huellas, grandes historias";"10/18/2026 3:30:00 PM";"10/18/2026 3:30:00 PM";"Sala De Teatro Bululú2120";"C. de Canarias, 16, 28045 Madrid [40.40266418457, -3.6965370178223]";"Infantil / Familiar";"0";"9.9";"standard";;"01a0b558-dd80-72ca-8ccd-5ceba3fe3763"
"01a0b55c-8dd7-70e4-ad9d-90711675fd56";"Ayer intenté suicidarme";"10/17/2026 6:30:00 PM";"10/31/2026 7:30:00 PM";"Sala De Teatro Bululú2120";"C. de Canarias, 16, 28045 Madrid [40.40266418457, -3.6965370178223]";"Teatro / Teatro Musical";"0";"16";"standard";;"01a0b55b-e5a6-73ac-ba5f-3ed33c8e3f39"
"01a0b6c5-2124-738b-b03b-6a050f6528f3";"Prácticamente Magia 2";"9/21/2026 3:00:00 PM";"10/1/2026 3:00:00 PM";"Mk2 Palacio De Hielo";"Centro Comercial Palacio de Hielo, Calle de Silvano, 77, 28043 Madrid [40.463233947754, -3.6369619369507]";"Cine";"0";"9.9";"standard";;"01a0b6c5-2109-73df-9a40-04e24f92b369"
"01a0b6c5-2e60-72ce-9759-69a5bc4400c7";"Un Plan Perfecto";"9/21/2026 2:30:00 PM";"9/24/2026 4:30:00 PM";"Mk2 Palacio De Hielo";"Centro Comercial Palacio de Hielo, Calle de Silvano, 77, 28043 Madrid [40.463233947754, -3.6369619369507]";"Cine";"0";"9.9";"standard";;"01a0b6c5-2e42-72d6-b30e-32214ad7ea65"
"01a0c3af-5556-709f-bfb7-434820874db4";"Monólogos en La Bruja Canalla";"9/25/2026 5:00:00 PM";"10/4/2026 6:30:00 PM";"La Bruja Canalla";"Calle de Alfonso VI, 4 [Madrid, 28005]";"Monólogo";"0";"16";"standard";;"01a0c3ae-cf8a-7328-bfa9-94d9a4dcd5b8"
"01a0c3bb-1d67-7354-8ee3-ffb18c90e7cf";"El pingüino viajero Trim Trim";"9/27/2026 10:00:00 AM";"10/18/2026 10:30:00 AM";"Teatro Espacio Alma";"Calle de Alberto Aguilera 4, 28015 Madrid, Madrid, España [40.429839, -3.706585]";"Infantil / Familiar";"0";"16";"standard";;"01a0c94f-90c6-7352-bd43-66387c101697"
"01a0c3bf-db21-7058-8819-d6861c18c83e";"El baúl mágico - Tributo a Disney";"10/11/2026 10:00:00 AM";"10/25/2026 11:00:00 AM";"Teatro Espacio Alma";"Calle de Alberto Aguilera 4, 28015 Madrid, Madrid, España [40.429839, -3.706585]";"Infantil / Familiar";"0";"15";"standard";;"01a0c3bf-d79b-7363-ba1a-22a4c50dc1f5"
"01a0c3c3-7837-7279-8164-6cf866184b08";"Manual para no rogar";"9/30/2026 7:00:00 PM";"11/25/2026 8:00:00 PM";"Espacio Gran Vía";"Calle Ballesta, 7, 28004 MADRID [40.421669006348, -3.7036335468292]";"Teatro / Teatro Musical";"0";"12";"standard";;"01a0c3c3-7464-7337-8aeb-3e037015e49b"
"01a0c41d-2a49-73fd-bcc7-d202e8fe2a80";"Madrid Live Experience - Fetén Fetén";"9/26/2026 10:00:00 AM";"9/26/2026 10:00:00 AM";"Gran Teatro Caixabank Príncipe Pío";"Cuesta de San Vicente, 44 Madrid [40.420413970947, -3.7190775871277]";"Música";"0";"17";"standard";;"01a0c41c-704e-713f-9ae4-6b0a20590919"
"01a0c4fc-bcc5-7321-8b2a-8cfcb342c118";"ENCUENTRO DE NARRADORES - ANA GRIOTT";"9/24/2026 7:00:00 PM";"9/24/2026 7:00:00 PM";"Ambigú Del Teatro Pavón";"C. de Embajadores, 9, 28012 Madrid [40.410831451416, -3.7061550617218]";"Conferencia";"0";"10";"standard";;"01a0c4fc-b8d7-7373-a4f7-e561de404c6f"
"01a0c83e-49c6-737f-9ccc-4fd0309e3c10";"Soy un Kiwi";"9/26/2026 3:00:00 PM";"9/26/2026 3:00:00 PM";"La Bruja Canalla";"Calle de Alfonso VI, 4 [Madrid, 28005]";"Monólogo";"0";"16";"standard";;"01a0c83a-8bf7-70e5-9373-19e34cd46f01"
"01a0c842-fe3a-71d9-8040-20ed8bedf524";"Tampoco es para tanto";"9/26/2026 11:30:00 AM";"9/26/2026 11:30:00 AM";"La Bruja Canalla";"Calle de Alfonso VI, 4 [Madrid, 28005]";"Monólogo";"0";"16";"standard";;"01a0c842-6b0b-7077-9b19-76e7f6c6ea95"
"01a0c848-a556-7019-b0cc-69e970302fac";"Dos Gordos muy Grasiosos";"9/25/2026 5:00:00 PM";"10/2/2026 5:00:00 PM";"La Bruja Canalla";"Calle de Alfonso VI, 4 [Madrid, 28005]";"Monólogo";"0";"16";"standard";;"01a0c848-079a-7025-9d2d-0f68bae3e802"
"01a0c852-6ed0-72fe-9bf8-697cbc38e33d";"Hechizos Open Mic";"9/25/2026 9:00:00 PM";"10/4/2026 6:30:00 PM";"La Bruja Canalla";"Calle de Alfonso VI, 4 [Madrid, 28005]";"Monólogo";"0";"16";"standard";;"01a0c851-fb56-7202-8b60-bd2889633377"
"01a0c85c-6cd4-72d0-8dd7-28002608edeb";"Vermut y Risas, en La Latina";"9/26/2026 11:30:00 AM";"9/27/2026 11:30:00 AM";"La Bruja Canalla";"Calle de Alfonso VI, 4 [Madrid, 28005]";"Monólogo";"0";"16";"standard";;"01a0c85c-055e-72b2-8c3c-fe298df5480f"
"01a0c879-a29f-71fc-af25-e3e1b68c4a70";"Madrid Live Experience -Perotá Chingó ";"9/29/2026 6:30:00 PM";"9/29/2026 6:30:00 PM";"Gran Teatro Caixabank Príncipe Pío";"Cuesta de San Vicente, 44 Madrid [40.420413970947, -3.7190775871277]";"Música";"0";"29.35";"standard";;"01a0c877-d9e8-73ac-a584-4d0c364679f8"
"01a0c8a1-c942-7145-847b-1b22fc4b0e65";"Scri_B. El primer videojuego de escritura en vivo";"9/22/2026 6:00:00 PM";"9/24/2026 6:00:00 PM";"Nave 73";"Calle de Palos de la Frontera, 5, 28012 Madrid [40.403179168701, -3.6987581253052]";"Otros";"0";"16";"standard";;"01a0c8a1-8e9f-7263-9704-b9aa91d79985"
"01a0c8f3-aade-71fd-b925-9aa7e76d366c";"Ya soy abuelo, bro";"9/27/2026 11:30:00 AM";"9/27/2026 11:30:00 AM";"La Bruja Canalla";"Calle de Alfonso VI, 4 [Madrid, 28005]";"Monólogo";"0";"16";"standard";;"01a0c8f3-a2ed-71cc-b212-25854a7f72e3"
"01a0c8f7-2ac1-72c7-aec2-b398bcc22481";"Yo solita";"9/29/2026 5:30:00 PM";"10/4/2026 11:30:00 AM";"La Bruja Canalla";"Calle de Alfonso VI, 4 [Madrid, 28005]";"Monólogo";"0";"16";"standard";;"01a0c8f6-e4e4-72b6-b997-236e376f2e07"
"01a0c8fa-b0a5-721a-90b8-a6c902a2c880";"La noche de los camareros";"9/30/2026 5:30:00 PM";"9/30/2026 5:30:00 PM";"La Bruja Canalla";"Calle de Alfonso VI, 4 [Madrid, 28005]";"Monólogo";"0";"16";"standard";;"01a0c8fa-45ed-72c4-8545-d88083d2dfd7"
"01a0c8fc-fe8c-71b5-b274-22f6c0e9cb8b";"La vida me importa un huevo";"10/2/2026 7:00:00 PM";"10/2/2026 7:00:00 PM";"La Bruja Canalla";"Calle de Alfonso VI, 4 [Madrid, 28005]";"Monólogo";"0";"16";"standard";;"01a0c8fc-8efb-7296-b3b1-29642b271af7"
"01a0c8fe-dad3-7333-a157-93467ab2c80f";"Sucio";"10/3/2026 3:00:00 PM";"10/3/2026 3:00:00 PM";"La Bruja Canalla";"Calle de Alfonso VI, 4 [Madrid, 28005]";"Monólogo";"0";"16";"standard";;"01a0c8fe-9df5-72ff-9afd-2899c3bdd463"
"01a0c901-33c4-7061-8f1b-745887fb6ccf";"Sin secuelas aparentes";"10/4/2026 5:00:00 PM";"10/4/2026 5:00:00 PM";"La Bruja Canalla";"Calle de Alfonso VI, 4 [Madrid, 28005]";"Monólogo";"0";"16";"standard";;"01a0c900-f99e-7326-bc66-5f28d5481ab6"
"01a0c984-63ee-7094-b1b3-a428ed672afb";"TERTULIA TEQUILERA CON BRUNO BARBA";"9/25/2026 3:00:00 PM";"9/25/2026 3:00:00 PM";"In Vino Veritas Shop";"C. del Duque de Medinaceli, 12, 28014 Madrid [40.414402008057, -3.6957905292511]";"Otros";"0";"12";"standard";;"01a0c984-0c54-7108-8950-f97d37030482"
"01a0c98a-80b2-70b1-980b-07576b533513";"Grease la fiesta";"10/2/2026 7:00:00 PM";"10/30/2026 8:00:00 PM";"Teatro Espacio Alma";"Calle de Alberto Aguilera 4, 28015 Madrid, Madrid, España [40.429839, -3.706585]";"Música";"0";"20";"standard";;"01a0c993-6555-7320-8d5c-c5c51b7828c0"
"01a0c994-7e3c-7026-8fc4-6128fb6016ff";"LOS MONSTRUOS DE HALLOWEEN";"10/10/2026 2:30:00 PM";"10/31/2026 3:30:00 PM";"Teatro Espacio Alma";"Calle de Alberto Aguilera 4, 28015 Madrid, Madrid, España [40.429839, -3.706585]";"Teatro / Teatro Musical";"0";"16";"standard";;"01a0c993-eeb4-72da-861c-b36363c5d452"
"01a0c9b6-df05-7345-b38d-226c41bb0d6e";"FERIA PIÑA AGAVERA";"9/26/2026 3:00:00 PM";"9/26/2026 3:00:00 PM";"Meeu Chamartin - Demo 1 Y 2";"Estación de Chamartín, s/n, Planta Ático, 28036 Madrid [40.472221374512, -3.6822218894959]";"Otros";"0";"10";"standard";;"01a0c9b5-8f03-725c-ac6d-17adcf19563b"
"01a0c9ba-47eb-70e1-a155-cfe78e924645";"Vermut Rojo Open Mic, en La Latina";"10/3/2026 11:30:00 AM";"10/25/2026 12:30:00 PM";"La Bruja Canalla";"Calle de Alfonso VI, 4 [Madrid, 28005]";"Monólogo";"0";"16";"standard";;"01a0c9b9-ea22-73e6-83d4-d5726743401d"
"01a0c9cc-c396-735b-b13b-d207a06b242f";"Escuchad y aprended";"9/27/2026 5:00:00 PM";"9/27/2026 5:00:00 PM";"La Bruja Canalla";"Calle de Alfonso VI, 4 [Madrid, 28005]";"Monólogo";"0";"16";"standard";;"01a0c9cc-4592-73f9-86d2-22fafc17f2b1"
"01a0c9f6-f283-7362-9eeb-854e512c9628";"La vida me importa un huevo";"10/3/2026 3:00:00 PM";"10/3/2026 3:00:00 PM";"Perro Paco";"San Agustín 6, 28014 Madrid [40.413764953613, -3.6971220970154]";"Monólogo";"0";"16";"standard";;"01a0c9ed-080c-7327-9427-25a93b7176f1"
"01a0cb5e-b6d7-72ac-9451-5f97448a367e";"Vengadores: Endgame (V.O.S.E.)";"9/28/2026 3:00:00 PM";"10/1/2026 3:00:00 PM";"Mk2 Palacio De Hielo";"Centro Comercial Palacio de Hielo, Calle de Silvano, 77, 28043 Madrid [40.463233947754, -3.6369619369507]";"Cine";"0";"9.9";"standard";;"01a0cb5e-b6ab-72d4-a2cd-f682aa412453"
"01a0cd2d-4dde-716f-800c-2531dc9114f7";"Dos gordos muy grasiosos";"10/1/2026 5:30:00 PM";"10/1/2026 5:30:00 PM";"Perro Paco";"San Agustín 6, 28014 Madrid [40.413764953613, -3.6971220970154]";"Monólogo";"0";"16";"standard";;"01a0cd2d-2510-71ca-bfa3-415c62b7b01f"
"01a0cd32-c778-73e9-90b7-e057053bab41";"Sin secuelas aparentes";"10/2/2026 5:30:00 PM";"10/2/2026 5:30:00 PM";"Perro Paco";"San Agustín 6, 28014 Madrid [40.413764953613, -3.6971220970154]";"Monólogo";"0";"16";"standard";;"01a0cd32-c1f7-7236-bbcc-539dc9d97911"
"01a0cd56-1a48-7127-8231-cce94b877363";"¡Esto es un monólogo!";"10/3/2026 5:00:00 PM";"10/3/2026 5:00:00 PM";"Perro Paco";"San Agustín 6, 28014 Madrid [40.413764953613, -3.6971220970154]";"Monólogo";"0";"16";"standard";;"01a0cd54-7183-70df-a223-9c29ecf5148c"
"01a0cd59-5b52-7233-b1e5-7a96c369d16c";"La impro de mi vida";"10/4/2026 12:30:00 PM";"10/4/2026 12:30:00 PM";"Perro Paco";"San Agustín 6, 28014 Madrid [40.413764953613, -3.6971220970154]";"Monólogo";"0";"16";"standard";;"01a0cd58-f21a-739b-b2a7-ceb4efa7b9b8"
"01a0cda2-6372-7275-b038-a6d19b1009e2";"HE PERDIDO A MARSEILLE (2 DE ABRIL DE 1939)";"10/24/2026 4:00:00 PM";"10/25/2026 5:30:00 PM";"Sala Komodia";"Calle del Gral. Palanca, 7, 28045 Madrid [40.399658203125, -3.6989607810974]";"Teatro / Teatro Musical";"0";"12";"standard";;"01a0cda1-7206-738a-831f-3bc951de4de9"
"01a0cda5-7ff6-7202-a3a6-e84c88fc0cd2";"BEARLY BOND BEARS BEAT BAMBOOZLERS!! ";"10/4/2026 3:00:00 PM";"10/18/2026 3:00:00 PM";"Sala Komodia";"Calle del Gral. Palanca, 7, 28045 Madrid [40.399658203125, -3.6989607810974]";"Infantil / Familiar";"0";"9";"standard";;"01a0cda4-cde8-72bc-b392-6cd023794d03"
"01a0cda8-5cf2-7285-a8b9-c884598a5901";"DESPUÉS DE TODO TODO HA SIDO NADA";"10/11/2026 6:00:00 PM";"10/25/2026 7:00:00 PM";"Sala Komodia";"Calle del Gral. Palanca, 7, 28045 Madrid [40.399658203125, -3.6989607810974]";"Teatro / Teatro Musical";"0";"12";"standard";;"01a0cda7-d6db-7201-b10a-a69c5d1959cf"
"01a0cdaa-7f70-7347-90a8-13ec7bb37889";"EL COLE MÁGICO";"10/4/2026 4:30:00 PM";"10/25/2026 4:00:00 PM";"Sala Komodia";"Calle del Gral. Palanca, 7, 28045 Madrid [40.399658203125, -3.6989607810974]";"Infantil / Familiar";"0";"9";"standard";;"01a0cdaa-2699-737e-a94c-56e6a31831dc"
"01a0cf31-12ce-714d-9776-12b70bdfaff8";"CÓMICOS CENSURADOS";"9/25/2026 5:30:00 PM";"10/2/2026 5:30:00 PM";"Collage Burlesque";"Calle de Manuel Silvela, 6, 28010 Madrid [40.429111480713, -3.6984012126923]";"Monólogo";"0";"9";"standard";;"01a0cf34-eb44-72b1-8db1-0e5b96033470"
"01a0d2aa-f876-738a-9c38-54cf12bf7dad";"EL PELOTAZO";"10/3/2026 7:00:00 PM";"10/25/2026 6:00:00 PM";"Sala Tarambana";"Calle Dolores Armengot 31, 28025 Madrid [40.385822296143, -3.7432510852814]";"Teatro / Teatro Musical";"0";"14";"standard";;"01a0d2aa-1d9c-7244-88f4-9d017a6c8d7d"
"01a0d2ae-7be6-7379-a184-412e9b859fb6";"EPÍLOGO";"10/10/2026 7:00:00 PM";"10/11/2026 5:00:00 PM";"Sala Tarambana";"Calle Dolores Armengot 31, 28025 Madrid [40.385822296143, -3.7432510852814]";"Teatro / Teatro Musical";"0";"14";"standard";;"01a0d2ad-df36-71a1-9959-bd7279a21850"
"01a0d2b0-95a1-70d7-8314-cc9ca72c0aae";"Z/B. ZWEIG - BERNANOS";"10/14/2026 6:00:00 PM";"10/15/2026 6:00:00 PM";"Sala Tarambana";"Calle Dolores Armengot 31, 28025 Madrid [40.385822296143, -3.7432510852814]";"Teatro / Teatro Musical";"0";"14";"standard";;"01a0d2b0-506d-703b-bbb2-d1155e1005df"
"01a0d2d8-77c9-71f2-ae1e-8fdd09263ce8";"Jazz & Poesía Clandestina en Perro Paco Madrid";"9/25/2026 6:00:00 PM";"9/25/2026 6:00:00 PM";"Perro Paco";"San Agustín 6, 28014 Madrid [40.413764953613, -3.6971220970154]";"Música";"0";"12";"standard";;"01a0d2d7-eab0-72c5-bdea-93147eed046a"
"01a0d30f-8ad3-736f-93eb-075489ed8567";"Tempestad. Disturbios atmosféricos violentos";"9/24/2026 6:00:00 PM";"9/24/2026 6:00:00 PM";"Teatro La Usina";"C. de Palos de la Frontera, 4, 28012 Madrid [40.402626037598, -3.700136423111]";"Teatro / Teatro Musical";"0";"12";"standard";;"01a0d30f-1354-703e-ab43-9846bc76c9b8"
"01a0d31f-2d6b-725f-8ba3-324a34036789";"MENEANDO LA MAGIA 2.0";"9/26/2026 6:00:00 PM";"9/26/2026 6:00:00 PM";"Leyendas De La Magia (Aranjuez)";"C. de Alpajés, 21, 28300 Aranjuez, Madrid [40.22985458374, -4.0026884078979]";"Magia";"0";"15";"standard";;"01a0d31d-e644-71e3-a1ca-4aa512a4e40a"
"01a0d322-1580-715c-ae8f-11129295e66e";"GRAN ESPECTÁCULO DE MAGIA";"9/27/2026 3:30:00 PM";"9/27/2026 3:30:00 PM";"Leyendas De La Magia (Aranjuez)";"C. de Alpajés, 21, 28300 Aranjuez, Madrid [40.22985458374, -4.0026884078979]";"Magia";"0";"12";"standard";;"01a0d321-b94c-71cf-a6a3-032845544b2c"
"01a0d340-c14e-7065-96ef-44c5f185197c";"LA VILLANA DE GETAFE";"10/17/2026 6:30:00 PM";"10/23/2026 6:30:00 PM";"Corral Comedias Almagro (Ciudad Real)";"Pl. Mayor 18, 13270 Almagro, Ciudad Real [38.888439178467, -3.7119119167328]";"Teatro / Teatro Musical";"0";"27";"standard";;"01a0d340-5934-7244-9c97-2e3cc0975622"
"01a0d344-5d8f-7194-a5bf-c12c45a2fcfb";"CREER QUE UN CIELO EN UN INFIERNO CABE";"10/9/2026 6:30:00 PM";"10/25/2026 5:30:00 PM";"Corral Comedias Almagro (Ciudad Real)";"Pl. Mayor 18, 13270 Almagro, Ciudad Real [38.888439178467, -3.7119119167328]";"Teatro / Teatro Musical";"0";"27";"standard";;"01a0d3d0-cd94-72dc-84a8-36a6f9a25aa3"
"01a0d3bd-37c2-7166-b262-690e8ba7e70b";"La Pócima de la Risa";"10/27/2026 4:00:00 PM";"10/27/2026 4:00:00 PM";"La Bruja Canalla";"Calle de Alfonso VI, 4 [Madrid, 28005]";"Monólogo";"0";"16";"standard";;"01a0d3bc-adeb-7342-9ead-59b8274367e5"
"01a0d3d3-4e87-7366-903c-f56c859ca4e7";"Sesión exclusiva: NARCISO";"10/2/2026 4:00:00 PM";"10/2/2026 4:00:00 PM";"Mk2 Cine Paz (Eventos)";"Calle de Fuencarral 125, 28010 Madrid [40.431858062744, -3.7032899856567]";"Cine";"0";"9.5";"standard";;"01a0d3d2-bbb7-7333-8880-86e8f144dcc4"
